CREATE DATABASE  IF NOT EXISTS `cosplay` /*!40100 DEFAULT CHARACTER SET utf8mb4 */;
USE `cosplay`;
-- MySQL dump 10.15  Distrib 10.0.36-MariaDB, for debian-linux-gnu (x86_64)
--
-- Host: 127.0.0.1    Database: cosplay
-- ------------------------------------------------------
-- Server version	10.0.36-MariaDB-0ubuntu0.16.04.1

/*!40101 SET @OLD_CHARACTER_SET_CLIENT=@@CHARACTER_SET_CLIENT */;
/*!40101 SET @OLD_CHARACTER_SET_RESULTS=@@CHARACTER_SET_RESULTS */;
/*!40101 SET @OLD_COLLATION_CONNECTION=@@COLLATION_CONNECTION */;
/*!40101 SET NAMES utf8 */;
/*!40103 SET @OLD_TIME_ZONE=@@TIME_ZONE */;
/*!40103 SET TIME_ZONE='+00:00' */;
/*!40014 SET @OLD_UNIQUE_CHECKS=@@UNIQUE_CHECKS, UNIQUE_CHECKS=0 */;
/*!40014 SET @OLD_FOREIGN_KEY_CHECKS=@@FOREIGN_KEY_CHECKS, FOREIGN_KEY_CHECKS=0 */;
/*!40101 SET @OLD_SQL_MODE=@@SQL_MODE, SQL_MODE='NO_AUTO_VALUE_ON_ZERO' */;
/*!40111 SET @OLD_SQL_NOTES=@@SQL_NOTES, SQL_NOTES=0 */;

--
-- Table structure for table `artesano_especialidad`
--

DROP TABLE IF EXISTS `artesano_especialidad`;
/*!40101 SET @saved_cs_client     = @@character_set_client */;
/*!40101 SET character_set_client = utf8 */;
CREATE TABLE `artesano_especialidad` (
  `legajo_artesano` int(11) NOT NULL,
  `codigo_especialidad` int(11) NOT NULL,
  PRIMARY KEY (`legajo_artesano`,`codigo_especialidad`),
  KEY `fk_artesano_especialidad_especialidad_idx` (`codigo_especialidad`),
  CONSTRAINT `fk_artesano_especialidad_empleado` FOREIGN KEY (`legajo_artesano`) REFERENCES `empleado` (`legajo`) ON UPDATE CASCADE,
  CONSTRAINT `fk_artesano_especialidad_especialidad` FOREIGN KEY (`codigo_especialidad`) REFERENCES `especialidad` (`codigo`) ON UPDATE CASCADE
) ENGINE=InnoDB DEFAULT CHARSET=utf8 COLLATE=utf8_unicode_ci;
/*!40101 SET character_set_client = @saved_cs_client */;

--
-- Dumping data for table `artesano_especialidad`
--

LOCK TABLES `artesano_especialidad` WRITE;
/*!40000 ALTER TABLE `artesano_especialidad` DISABLE KEYS */;
INSERT INTO `artesano_especialidad` VALUES (2929,2),(4031,2),(4680,4),(5196,1),(5625,5),(5703,2),(6032,1),(7517,5),(7863,6),(7885,3),(7887,1),(7906,1),(8127,6),(8184,4),(8217,1),(8371,6),(8879,5),(8934,6),(8962,4),(9395,2);
/*!40000 ALTER TABLE `artesano_especialidad` ENABLE KEYS */;
UNLOCK TABLES;

--
-- Table structure for table `cliente`
--

DROP TABLE IF EXISTS `cliente`;
/*!40101 SET @saved_cs_client     = @@character_set_client */;
/*!40101 SET character_set_client = utf8 */;
CREATE TABLE `cliente` (
  `nro` int(11) NOT NULL,
  `cui` varchar(15) COLLATE utf8_unicode_ci NOT NULL,
  `nombre` varchar(255) COLLATE utf8_unicode_ci NOT NULL,
  `telefono` varchar(20) COLLATE utf8_unicode_ci DEFAULT NULL,
  `direccion` varchar(255) COLLATE utf8_unicode_ci DEFAULT NULL,
  `email` varchar(255) COLLATE utf8_unicode_ci DEFAULT NULL,
  PRIMARY KEY (`nro`),
  UNIQUE KEY `cui_UNIQUE` (`cui`)
) ENGINE=InnoDB DEFAULT CHARSET=utf8 COLLATE=utf8_unicode_ci;
/*!40101 SET character_set_client = @saved_cs_client */;

--
-- Dumping data for table `cliente`
--

LOCK TABLES `cliente` WRITE;
/*!40000 ALTER TABLE `cliente` DISABLE KEYS */;
INSERT INTO `cliente` VALUES (1,'11111111111','Arthas Menethil','0341111111','Frozen Throne 1','arthasm@wow.com'),(2,'12121212121','Jaina Proudmoore','0340212121','Theramore 1513','jainaprodmore@kultiras.com'),(3,'13131313131','Illidan Stormrage','0343131313','Hyjal 100 bis','ilidan@azeroth.com'),(4,'14141414141','Jigoku Producciones','0114141414','Bartolomé Mitre 2550','contact@jigokuprod.com.ar'),(5,'15151515151','Survey Corps','0340515151','Paradis 100','erenjaeguer@goeldians.com'),(6,'16161616161','Wuxia World','0341616161','Skyfire Avenue 84','zeus@wuxiaworld.com'),(7,'17171717171','Kazuto Kirigaya','0340217171','Aincrad 74','kirito@saoonline.jp'),(8,'18181818181','Motoko Kusanagi','0341818181','Kasumigaseki 212','m.kusanagi@section9.jp'),(9,'19191919191','Kazikli Bey','0349191919','Walter C. Dornez 1944','vlad@cpr.uk');
/*!40000 ALTER TABLE `cliente` ENABLE KEYS */;
UNLOCK TABLES;

--
-- Table structure for table `control_calidad`
--

DROP TABLE IF EXISTS `control_calidad`;
/*!40101 SET @saved_cs_client     = @@character_set_client */;
/*!40101 SET character_set_client = utf8 */;
CREATE TABLE `control_calidad` (
  `nro_trabajo` int(11) NOT NULL,
  `nro_item` int(11) NOT NULL,
  `codigo_tipo_tarea` int(11) NOT NULL,
  `legajo_especialista` int(11) NOT NULL,
  `fecha_hora` datetime NOT NULL,
  `aprobada` tinyint(4) NOT NULL,
  `detalle` varchar(255) COLLATE utf8_unicode_ci DEFAULT NULL,
  PRIMARY KEY (`nro_trabajo`,`nro_item`,`codigo_tipo_tarea`,`legajo_especialista`),
  KEY `fk_control_calidad_empleado` (`legajo_especialista`),
  CONSTRAINT `fk_control_calidad_empleado` FOREIGN KEY (`legajo_especialista`) REFERENCES `empleado` (`legajo`) ON DELETE NO ACTION ON UPDATE NO ACTION,
  CONSTRAINT `fk_control_calidad_tarea` FOREIGN KEY (`nro_trabajo`, `nro_item`, `codigo_tipo_tarea`) REFERENCES `tarea` (`nro_trabajo`, `nro_item`, `codigo_tipo_tarea`) ON DELETE NO ACTION ON UPDATE NO ACTION
) ENGINE=InnoDB DEFAULT CHARSET=utf8 COLLATE=utf8_unicode_ci;
/*!40101 SET character_set_client = @saved_cs_client */;

--
-- Dumping data for table `control_calidad`
--

LOCK TABLES `control_calidad` WRITE;
/*!40000 ALTER TABLE `control_calidad` DISABLE KEYS */;
/*!40000 ALTER TABLE `control_calidad` ENABLE KEYS */;
UNLOCK TABLES;

--
-- Table structure for table `costo_hora_artesano`
--

DROP TABLE IF EXISTS `costo_hora_artesano`;
/*!40101 SET @saved_cs_client     = @@character_set_client */;
/*!40101 SET character_set_client = utf8 */;
CREATE TABLE `costo_hora_artesano` (
  `legajo_empleado` int(11) NOT NULL,
  `fecha_valor` varchar(45) COLLATE utf8_unicode_ci NOT NULL,
  `valor_hora` varchar(45) COLLATE utf8_unicode_ci NOT NULL,
  PRIMARY KEY (`legajo_empleado`,`fecha_valor`),
  CONSTRAINT `fk_costo_hora_artesano_empleado` FOREIGN KEY (`legajo_empleado`) REFERENCES `empleado` (`legajo`) ON UPDATE CASCADE
) ENGINE=InnoDB DEFAULT CHARSET=utf8 COLLATE=utf8_unicode_ci;
/*!40101 SET character_set_client = @saved_cs_client */;

--
-- Dumping data for table `costo_hora_artesano`
--

LOCK TABLES `costo_hora_artesano` WRITE;
/*!40000 ALTER TABLE `costo_hora_artesano` DISABLE KEYS */;
INSERT INTO `costo_hora_artesano` VALUES (1442,'2016-01-27','6144.36'),(1442,'2016-10-03','2411.64'),(1817,'2016-04-29','5800.01'),(1905,'2015-12-15','5051.06'),(1905,'2016-07-05','5108.59'),(1966,'2016-07-23','4683.83'),(1966,'2017-09-30','5854.21'),(1966,'2018-06-28','3241.37'),(2077,'2015-12-17','1796.89'),(2077,'2016-06-21','5596.01'),(2077,'2017-01-23','2577.38'),(2273,'2015-10-08','5589.44'),(2273,'2016-01-20','6500.63'),(2273,'2017-07-26','2705.68'),(2273,'2018-07-26','2316.07'),(2281,'2016-06-09','2793.72'),(2285,'2015-08-31','4743.64'),(2295,'2017-05-28','4288.54'),(2295,'2017-08-08','1417.31'),(2453,'2015-07-11','3386.53'),(2453,'2017-04-12','5843.83'),(2458,'2018-08-29','1099.95'),(2684,'2015-05-07','1999.26'),(2684,'2015-09-21','5122.84'),(2694,'2015-05-18','3397.16'),(2694,'2016-08-06','5279.66'),(2929,'2017-01-19','2653.81'),(2929,'2017-06-02','3336.79'),(2980,'2015-02-12','1607.11'),(2980,'2015-08-29','5580.23'),(2980,'2018-10-25','3740.53'),(3019,'2015-07-24','3294.03'),(3019,'2015-11-19','1667.50'),(3142,'2017-02-02','3153.45'),(3142,'2018-04-17','1223.15'),(3249,'2015-02-24','1207.64'),(3249,'2015-04-01','6561.83'),(3249,'2016-04-24','2488.83'),(3345,'2016-12-31','4641.35'),(3345,'2018-08-26','4641.39'),(3436,'2017-04-02','2515.86'),(3436,'2017-08-12','3434.86'),(3488,'2016-10-11','6774.84'),(3488,'2018-04-28','3628.16'),(3616,'2015-09-17','1997.71'),(3616,'2017-10-12','2877.03'),(3663,'2017-03-21','1690.12'),(3754,'2017-03-27','1830.50'),(3881,'2015-08-18','5396.46'),(3881,'2016-12-11','1320.13'),(3881,'2017-03-29','2455.72'),(3881,'2018-09-06','1481.14'),(4031,'2017-08-02','3287.01'),(4031,'2018-06-08','5776.61'),(4066,'2016-03-24','4040.84'),(4099,'2015-11-24','3105.51'),(4319,'2016-06-11','4300.01'),(4319,'2017-04-15','1535.83'),(4319,'2017-06-20','4409.54'),(4319,'2017-12-10','3411.95'),(4377,'2015-01-06','3896.88'),(4377,'2015-08-29','3117.40'),(4377,'2016-11-29','3535.98'),(4438,'2015-01-17','6978.17'),(4438,'2015-06-20','2346.51'),(4438,'2017-08-20','5062.32'),(4438,'2018-05-18','3547.73'),(4466,'2015-10-19','2454.12'),(4466,'2016-10-27','1408.93'),(4537,'2018-01-24','2144.77'),(4537,'2018-10-25','2080.95'),(4624,'2018-04-07','5274.61'),(4680,'2015-03-25','5775.11'),(4680,'2016-01-07','5700.89'),(4680,'2017-10-29','3702.46'),(5097,'2015-12-18','1152.13'),(5097,'2016-06-26','3907.82'),(5097,'2017-06-04','5329.98'),(5097,'2018-02-04','6969.62'),(5097,'2018-11-12','3498.67'),(5194,'2018-02-02','4483.89'),(5196,'2015-07-11','1790.62'),(5196,'2015-07-30','2388.77'),(5196,'2015-12-13','1045.62'),(5196,'2016-06-28','2852.07'),(5280,'2015-04-23','6747.87'),(5280,'2016-07-01','6148.97'),(5280,'2018-11-30','3380.69'),(5572,'2015-06-01','3957.74'),(5572,'2017-03-06','3944.37'),(5600,'2015-06-02','3863.91'),(5600,'2016-02-20','6226.16'),(5600,'2017-09-14','3628.20'),(5600,'2018-06-11','6209.32'),(5625,'2016-04-30','5429.13'),(5625,'2017-10-21','1845.78'),(5625,'2018-02-05','1734.26'),(5703,'2015-08-26','1714.65'),(5703,'2016-08-07','6925.09'),(5703,'2016-11-01','1010.05'),(5703,'2018-04-29','1316.24'),(5793,'2015-01-05','1749.60'),(5793,'2016-01-14','4196.12'),(5912,'2015-07-15','3255.75'),(5912,'2016-02-29','2292.73'),(5970,'2017-02-28','6590.36'),(6032,'2017-05-16','2163.07'),(6108,'2015-11-12','2757.51'),(6108,'2015-12-22','4853.48'),(6108,'2017-07-19','1075.29'),(6134,'2015-05-04','3227.09'),(6217,'2015-10-15','2107.51'),(6217,'2017-10-25','3471.02'),(6280,'2015-02-05','4682.76'),(6280,'2015-11-11','2393.57'),(6280,'2017-01-14','4808.42'),(6280,'2018-04-16','3408.26'),(6557,'2015-10-13','3479.49'),(6557,'2016-01-19','6433.40'),(6557,'2017-07-17','4274.76'),(6557,'2018-08-26','4065.02'),(6655,'2018-01-11','1718.26'),(6775,'2016-04-21','6793.29'),(6899,'2015-09-20','4814.48'),(6899,'2016-08-18','2804.60'),(6914,'2016-04-10','6635.57'),(6917,'2017-06-24','3244.49'),(6917,'2018-04-24','5060.51'),(7043,'2015-05-11','1440.52'),(7212,'2017-06-22','5288.50'),(7425,'2017-11-22','3281.72'),(7425,'2018-10-16','4701.39'),(7517,'2016-06-28','2503.46'),(7517,'2017-03-12','2033.42'),(7520,'2015-12-27','3386.50'),(7520,'2016-03-28','1704.91'),(7520,'2018-11-29','3103.79'),(7589,'2016-03-23','6137.53'),(7594,'2015-05-22','4482.15'),(7882,'2015-09-03','5468.10'),(7882,'2015-10-20','4164.52'),(7882,'2017-12-13','3456.35'),(7882,'2017-12-28','2171.58'),(7885,'2016-04-09','6972.60'),(7887,'2015-11-27','2287.73'),(7887,'2017-07-29','4625.77'),(7906,'2015-06-27','1637.68'),(8127,'2016-03-01','5790.05'),(8184,'2015-02-04','1536.13'),(8184,'2015-02-28','2971.66'),(8184,'2015-10-02','4499.08'),(8184,'2015-12-06','5914.44'),(8221,'2017-08-07','2313.52'),(8288,'2015-02-16','1609.76'),(8288,'2016-03-28','6473.19'),(8288,'2017-03-10','4608.60'),(8288,'2018-06-01','3765.44'),(8351,'2015-07-05','6418.61'),(8351,'2018-02-04','4257.66'),(8351,'2018-12-25','6129.87'),(8371,'2016-04-09','1110.09'),(8371,'2018-03-21','1402.40'),(8540,'2017-05-08','2771.33'),(8620,'2016-04-02','3265.67'),(8620,'2016-08-27','4692.94'),(8620,'2017-02-10','1204.82'),(8651,'2018-09-19','6387.58'),(8694,'2015-06-01','6964.93'),(8694,'2015-09-30','4146.72'),(8694,'2017-10-09','5150.02'),(8830,'2016-12-12','5662.84'),(8875,'2015-02-06','3875.24'),(8875,'2016-03-01','1979.49'),(8875,'2017-05-30','5817.48'),(8875,'2017-12-01','4218.37'),(8879,'2016-06-30','4001.91'),(8934,'2015-08-04','2025.04'),(8934,'2015-10-07','3698.34'),(8934,'2015-12-17','5510.77'),(8934,'2017-02-18','6763.89'),(8936,'2016-03-16','2841.97'),(8936,'2016-08-23','3212.30'),(8962,'2015-04-11','4483.82'),(8962,'2016-02-29','5670.82'),(9023,'2015-08-28','3546.03'),(9023,'2017-01-17','1132.77'),(9072,'2015-01-21','4109.23'),(9115,'2015-12-03','5156.00'),(9115,'2017-05-14','5289.27'),(9115,'2018-01-04','4765.36'),(9210,'2015-07-14','4457.73'),(9210,'2017-06-17','3045.01'),(9210,'2018-03-17','6195.44'),(9289,'2015-10-29','2686.00'),(9289,'2018-06-10','3163.67'),(9395,'2015-02-15','4534.89'),(9501,'2015-12-14','1638.60'),(9501,'2016-02-07','5888.60'),(9501,'2018-07-30','2831.47'),(9559,'2015-09-30','3546.67'),(9559,'2018-12-21','3791.04');
/*!40000 ALTER TABLE `costo_hora_artesano` ENABLE KEYS */;
UNLOCK TABLES;

--
-- Table structure for table `costo_material`
--

DROP TABLE IF EXISTS `costo_material`;
/*!40101 SET @saved_cs_client     = @@character_set_client */;
/*!40101 SET character_set_client = utf8 */;
CREATE TABLE `costo_material` (
  `codigo_material` int(11) NOT NULL,
  `fecha_valor` date NOT NULL,
  `valor_unit` decimal(9,3) NOT NULL,
  PRIMARY KEY (`codigo_material`,`fecha_valor`),
  CONSTRAINT `fk_costo_material_material` FOREIGN KEY (`codigo_material`) REFERENCES `material` (`codigo`) ON UPDATE CASCADE
) ENGINE=InnoDB DEFAULT CHARSET=utf8 COLLATE=utf8_unicode_ci;
/*!40101 SET character_set_client = @saved_cs_client */;

--
-- Dumping data for table `costo_material`
--

LOCK TABLES `costo_material` WRITE;
/*!40000 ALTER TABLE `costo_material` DISABLE KEYS */;
INSERT INTO `costo_material` VALUES (1,'2018-12-01',6451.791),(2,'2017-06-22',5940.343),(2,'2017-07-24',5945.192),(2,'2017-12-07',6282.654),(2,'2018-03-09',4074.099),(3,'2018-03-29',3025.866),(3,'2018-10-17',4371.523),(4,'2017-03-02',4014.836),(4,'2018-02-11',1840.905),(4,'2018-10-28',3386.161),(5,'2016-03-02',4724.318),(5,'2016-06-29',5081.175),(5,'2016-12-10',6806.869),(5,'2017-11-01',4572.673),(5,'2018-02-02',2448.995),(6,'2016-05-13',2743.600),(6,'2018-08-28',3952.902),(7,'2016-01-04',2974.363),(7,'2016-10-13',5271.132),(7,'2017-05-23',1472.044),(7,'2017-09-05',6947.494),(7,'2018-06-11',5968.801),(8,'2018-08-12',2193.451),(9,'2016-04-28',6483.631),(9,'2016-07-02',5555.686),(9,'2017-06-10',2227.705),(9,'2018-01-12',6992.983),(9,'2018-02-06',4239.059),(10,'2016-12-25',1276.289),(10,'2017-12-23',3579.829),(11,'2016-01-05',3962.028),(11,'2016-04-15',6090.770),(11,'2016-10-20',1605.277),(11,'2016-12-13',5503.367),(11,'2017-12-21',3707.153),(11,'2018-02-16',4967.574),(12,'2016-03-28',3613.639),(12,'2017-02-25',6255.246),(12,'2018-10-27',1600.135),(13,'2016-10-19',5813.643),(13,'2017-11-08',4221.847),(13,'2018-01-21',1118.026),(13,'2018-07-23',1982.810),(14,'2016-09-16',3692.597),(14,'2018-02-24',4154.357),(14,'2018-04-09',1963.782),(14,'2018-12-15',3685.827),(15,'2016-04-27',3383.257),(15,'2016-10-23',3691.933),(15,'2017-08-23',3157.024),(15,'2018-03-08',5974.560),(15,'2018-06-21',5936.171),(16,'2016-03-20',1380.175),(16,'2016-05-05',2115.803),(16,'2016-05-17',3319.941),(16,'2016-05-27',3507.706),(16,'2016-06-25',6880.842),(16,'2016-08-01',1014.185),(16,'2016-12-28',3342.730),(16,'2018-12-08',5091.067),(17,'2016-06-19',3924.266),(17,'2017-06-15',4179.731),(18,'2016-11-30',5990.986),(18,'2017-07-09',1037.666),(18,'2017-09-16',6201.098),(18,'2017-12-17',2185.806),(18,'2018-06-08',4499.688),(18,'2018-10-23',5474.195),(19,'2016-06-21',3389.157),(19,'2016-07-02',3401.910),(19,'2016-10-03',3747.224),(19,'2017-01-02',2791.324),(19,'2017-07-09',1949.891),(19,'2018-02-10',2084.583),(19,'2018-02-17',1273.454),(19,'2018-07-13',1622.210),(20,'2016-06-02',4776.296),(20,'2016-07-24',3037.800),(20,'2017-04-17',4705.552),(20,'2018-02-26',4153.359),(20,'2018-07-10',6917.211),(21,'2017-03-21',2172.421),(22,'2016-04-02',5534.897),(22,'2016-12-05',2388.708),(22,'2017-05-16',5067.252),(22,'2018-02-01',1416.824),(22,'2018-11-20',6145.834),(23,'2016-06-15',4981.564),(23,'2017-02-05',3177.892),(23,'2018-06-09',2613.721),(23,'2018-07-15',1940.497),(23,'2018-10-31',5621.217),(24,'2018-06-06',4874.385),(24,'2018-06-16',2135.837),(24,'2018-09-20',5182.594),(25,'2016-03-02',1378.919),(25,'2016-09-16',6401.769),(25,'2016-12-05',1216.897),(25,'2017-04-20',3147.939),(25,'2018-06-20',2151.471),(25,'2018-07-16',3248.795),(26,'2016-01-13',2196.121),(26,'2016-07-26',2610.425),(27,'2016-08-06',1828.170),(27,'2016-09-27',2927.877),(27,'2016-10-12',6966.554),(27,'2017-01-18',4311.899),(27,'2017-03-11',2266.099),(27,'2017-06-09',4270.394),(27,'2018-05-07',1118.167),(27,'2018-08-27',6758.007),(27,'2018-11-23',1116.918),(28,'2016-03-15',5677.364),(28,'2016-04-15',1366.109),(28,'2016-08-17',5445.220),(28,'2016-10-07',1199.884),(28,'2016-11-03',4431.883),(28,'2017-09-07',4683.065),(28,'2017-11-09',1078.878),(28,'2017-12-20',3944.701),(28,'2018-08-08',2543.965),(28,'2018-10-19',4088.077),(29,'2016-03-02',6162.790),(29,'2016-07-25',1625.341),(29,'2017-02-28',1104.474),(29,'2017-08-19',4010.043),(29,'2017-10-19',4650.325),(29,'2018-03-13',4082.345),(29,'2018-10-16',5100.230),(30,'2016-08-17',5020.019),(30,'2017-03-06',1146.245),(30,'2017-04-19',3531.976),(30,'2017-06-09',3788.840),(31,'2016-03-31',3995.479),(31,'2016-05-09',2056.938),(31,'2016-05-20',1166.426),(31,'2016-10-16',4718.307),(31,'2017-03-12',6905.953),(31,'2017-03-24',6007.789),(31,'2018-08-06',1734.817),(32,'2017-11-18',4183.323),(33,'2016-04-08',3564.791),(33,'2016-04-10',1536.511),(33,'2016-09-26',4472.501),(33,'2017-02-28',5356.581),(33,'2018-07-02',6682.644),(34,'2016-11-07',6163.702),(34,'2017-01-02',4866.704),(34,'2017-07-20',5569.779),(34,'2017-10-08',6364.073),(34,'2018-10-30',2297.165),(34,'2018-12-31',6695.802),(35,'2016-10-26',1341.680),(35,'2016-10-29',6898.095),(35,'2017-10-28',3925.533),(35,'2018-04-25',5792.613),(35,'2018-07-31',5407.572),(35,'2018-12-18',3317.116),(36,'2017-05-15',2210.094),(36,'2018-11-11',3970.950),(36,'2018-12-17',1406.566),(37,'2016-11-20',3201.120),(37,'2017-02-26',5480.988),(38,'2016-08-15',6770.403),(38,'2018-04-21',4363.300),(39,'2016-05-31',5005.971),(39,'2017-02-08',6809.669),(39,'2017-06-13',3480.750),(39,'2018-01-14',4037.201),(39,'2018-01-23',1343.189),(40,'2016-07-14',6665.549),(40,'2016-09-08',3807.916),(40,'2018-08-27',6503.976),(40,'2018-09-25',5191.266),(40,'2018-11-23',5174.843),(40,'2018-12-14',1668.146),(41,'2017-11-11',3733.502),(41,'2018-02-28',4966.815),(42,'2016-07-14',6965.026),(42,'2016-09-29',3617.418),(42,'2017-02-18',5407.426),(42,'2017-05-23',5797.978),(42,'2017-09-06',3199.550),(42,'2018-01-08',4751.288),(42,'2018-06-04',5297.690),(43,'2016-04-05',2441.784),(43,'2016-06-27',5921.189),(43,'2016-09-20',2598.258),(43,'2016-12-06',4511.035),(43,'2016-12-11',4390.811),(43,'2018-07-11',4224.637),(44,'2016-01-16',5893.376),(44,'2016-01-28',4416.739),(44,'2016-04-29',4973.985),(44,'2017-04-30',2246.718),(45,'2016-05-18',6200.475),(45,'2017-03-03',2670.258),(45,'2017-07-16',2745.578),(45,'2018-10-19',6986.519),(45,'2018-11-20',6470.466),(46,'2016-04-27',2055.148),(46,'2016-07-23',6686.385),(46,'2018-01-04',1019.768),(46,'2018-01-22',1726.737),(46,'2018-02-22',6615.497),(46,'2018-08-29',4522.681),(47,'2017-03-20',2024.485),(47,'2017-11-27',2948.118),(47,'2018-01-27',1466.798),(47,'2018-04-28',4407.147),(48,'2018-05-03',1430.665),(49,'2016-02-20',5187.089),(50,'2018-06-19',1432.492),(51,'2016-05-29',1768.863),(51,'2016-11-26',6912.512),(51,'2016-11-29',1374.169),(51,'2017-04-23',1226.772),(51,'2018-01-18',6623.858),(51,'2018-04-29',3744.388),(51,'2018-10-07',2376.290),(51,'2018-12-06',5702.711),(52,'2016-05-08',4437.897),(52,'2017-05-31',6767.651),(52,'2017-10-07',5474.500),(52,'2018-01-05',1439.791),(53,'2016-01-26',6429.602),(53,'2016-06-26',3870.344),(53,'2017-12-14',1560.535),(53,'2018-09-01',3138.475),(54,'2016-10-16',1219.206),(54,'2017-05-15',6506.545),(54,'2018-05-17',2119.202),(54,'2018-11-25',5340.936),(55,'2016-02-25',1087.332),(55,'2016-03-08',6539.813),(55,'2016-07-22',6153.511),(55,'2017-04-15',5038.991),(55,'2017-06-01',6262.803),(55,'2017-11-19',5794.427),(55,'2018-10-06',2166.722),(55,'2018-12-05',5252.274),(56,'2017-05-13',3999.171),(57,'2016-05-21',1155.678),(57,'2016-06-29',4991.425),(57,'2016-10-11',1045.783),(57,'2016-10-18',5611.857),(57,'2017-10-09',6688.784),(57,'2018-12-28',5495.303),(58,'2016-06-08',3610.487),(58,'2016-12-01',4932.125),(58,'2017-02-04',1435.187),(58,'2017-05-21',1321.767),(58,'2018-07-03',3327.361),(58,'2018-08-09',1116.853),(59,'2016-09-16',5408.936),(59,'2017-04-12',1456.894),(59,'2018-03-30',6118.001),(59,'2018-07-07',5094.619),(60,'2016-06-20',3978.949),(60,'2016-06-21',1261.986),(60,'2016-06-23',2104.954),(60,'2017-06-04',2079.792),(60,'2017-09-24',5659.108),(60,'2018-02-09',5619.233),(60,'2018-10-23',2134.700),(61,'2016-09-04',1966.747),(61,'2017-02-07',2869.239),(61,'2018-08-26',6953.673),(62,'2016-02-18',6135.547),(62,'2016-09-15',4301.264),(62,'2016-11-04',3597.180),(62,'2016-11-19',2949.901),(62,'2017-03-12',5649.682),(62,'2017-04-08',5921.545),(62,'2017-07-14',2082.552),(62,'2017-12-04',2145.260),(62,'2017-12-05',5495.837),(62,'2018-07-21',3321.290),(62,'2018-09-09',4929.996),(62,'2018-11-02',6093.811),(63,'2016-03-25',3341.894),(63,'2016-05-08',3442.229),(63,'2017-03-23',3974.913),(63,'2017-11-12',3876.167),(63,'2018-02-24',1054.122),(63,'2018-08-16',4311.550),(64,'2016-02-29',3941.441),(64,'2017-02-25',4435.186),(64,'2017-03-12',1329.719),(64,'2017-11-26',3480.493),(64,'2018-02-20',2813.222),(64,'2018-07-18',6310.670),(64,'2018-09-24',6290.817),(64,'2018-10-04',6379.068),(64,'2018-11-27',5800.518),(65,'2016-05-01',5542.132),(65,'2017-11-05',6572.314),(66,'2016-02-19',3009.561),(66,'2017-01-10',1607.112),(66,'2017-05-27',4410.456),(66,'2018-02-13',3007.282),(66,'2018-04-17',5136.754),(66,'2018-11-28',2843.877),(67,'2016-12-31',1265.725),(67,'2017-06-11',3665.283),(67,'2017-12-29',6217.609),(67,'2018-01-01',1426.653),(67,'2018-04-09',6426.860),(67,'2018-10-15',2218.249),(68,'2016-05-02',6815.388),(68,'2016-05-16',4389.127),(68,'2017-07-30',3168.857),(68,'2018-09-08',3974.044),(68,'2018-11-10',1538.424),(69,'2017-08-16',5117.095),(69,'2018-03-16',3830.098),(70,'2016-02-23',1555.234),(70,'2016-10-08',5698.336),(70,'2017-01-18',3630.890),(70,'2018-07-15',1006.835),(71,'2016-08-16',3268.722),(71,'2017-09-21',3775.547),(71,'2017-10-22',3265.851),(71,'2018-02-20',5677.862),(71,'2018-03-30',3148.082),(71,'2018-08-02',6832.273),(71,'2018-08-04',3361.775),(72,'2016-07-06',1481.667),(72,'2017-12-16',3836.692),(72,'2018-10-17',3195.239),(73,'2016-07-16',2992.349),(73,'2017-05-18',4545.522),(74,'2018-06-27',1914.114),(74,'2018-08-20',2566.642),(75,'2016-09-17',6835.853),(75,'2018-07-05',1399.350),(75,'2018-09-27',1116.504),(75,'2018-10-10',3677.451),(76,'2016-01-29',1620.316),(76,'2016-02-19',3563.158),(76,'2016-12-14',2486.042),(76,'2016-12-27',1204.905),(76,'2017-01-23',1262.157),(77,'2017-01-16',5784.611),(77,'2018-07-07',5183.254),(78,'2016-01-05',5960.918),(78,'2017-04-26',2182.534),(78,'2018-04-30',6311.828),(78,'2018-09-14',2590.064),(79,'2016-02-22',2531.001),(79,'2016-09-28',3362.414),(79,'2016-10-04',6307.661),(79,'2017-10-25',1728.521),(80,'2016-10-09',3326.284),(80,'2017-03-29',6853.384),(80,'2017-05-18',6347.861),(80,'2017-07-18',4609.062),(80,'2017-09-13',2562.776),(80,'2018-02-02',5154.799),(81,'2016-05-24',5542.571),(81,'2017-06-08',6933.014),(82,'2016-02-10',3847.533),(82,'2016-06-02',5414.814),(83,'2016-12-28',6975.133),(83,'2018-02-03',3572.717),(84,'2016-07-14',2577.197),(84,'2016-12-07',6786.987),(84,'2018-01-04',2501.039),(85,'2016-04-29',2226.211),(85,'2018-06-09',6174.717),(86,'2016-07-13',2939.410),(86,'2016-08-30',4097.464),(86,'2016-10-02',3372.907),(86,'2018-08-02',5055.997),(86,'2018-10-12',2644.126),(86,'2018-11-19',2205.760),(87,'2017-02-07',5957.138),(87,'2017-09-01',1110.204),(88,'2016-07-04',4373.663),(88,'2016-11-04',2955.282),(88,'2018-06-21',4778.657),(89,'2017-05-27',2971.296),(89,'2017-07-13',1254.814),(89,'2017-07-26',5758.600),(89,'2017-09-01',2396.514),(90,'2016-04-16',6243.502),(90,'2016-12-24',5326.687),(90,'2017-05-17',3218.621),(90,'2017-11-15',1651.296),(91,'2016-11-12',2972.046),(91,'2017-09-16',5567.721),(91,'2017-11-10',5893.056),(91,'2018-02-14',6010.561),(91,'2018-06-26',1011.937),(92,'2017-01-19',6174.516),(92,'2017-07-31',6965.884),(92,'2017-08-06',6418.050),(92,'2018-01-08',2866.106),(92,'2018-01-20',4709.200),(93,'2016-10-24',1684.982),(93,'2016-12-15',3257.675),(93,'2017-02-01',4970.418),(93,'2017-05-21',3788.119),(93,'2017-06-08',6617.184),(94,'2017-10-25',2584.621),(94,'2017-12-27',2238.849),(94,'2018-09-12',6419.788),(95,'2016-11-01',5554.854),(95,'2017-06-16',3536.302),(95,'2018-03-08',5709.833),(95,'2018-05-03',4994.092),(96,'2016-02-25',2812.757),(96,'2016-07-28',4788.252),(96,'2016-09-08',2814.956),(96,'2017-04-18',6899.960),(96,'2018-07-11',2101.469),(96,'2018-09-22',6577.752),(96,'2018-10-13',1147.942),(97,'2016-10-05',4747.051),(97,'2018-03-09',6938.592),(98,'2016-03-06',6235.323),(98,'2016-11-01',6519.481),(98,'2016-12-23',4337.036),(98,'2017-07-29',1828.074),(98,'2018-01-07',4927.979),(98,'2018-02-19',6611.339),(98,'2018-07-18',6043.199),(99,'2017-02-25',1801.744),(99,'2018-05-16',3661.051),(99,'2018-11-22',1675.319),(100,'2016-03-05',1548.330),(100,'2016-06-23',6036.344),(100,'2017-05-27',2433.662),(100,'2017-08-16',5605.815),(100,'2018-04-17',1383.979),(100,'2018-06-14',2617.681),(101,'2016-12-22',3039.506),(101,'2017-07-29',5239.026),(102,'2017-10-30',1493.365),(102,'2018-01-07',1114.861),(103,'2016-09-29',4433.393),(103,'2017-11-26',2922.655),(103,'2018-07-18',2559.533),(104,'2017-04-05',6947.664),(104,'2017-05-16',6420.251),(104,'2017-06-22',4444.096),(104,'2017-07-15',1436.796),(105,'2016-01-06',3793.740),(105,'2016-10-14',1085.653),(105,'2017-05-09',3120.326),(105,'2017-08-17',1913.191),(105,'2017-10-14',5165.914),(105,'2017-11-23',1505.578),(105,'2018-03-22',2999.301),(106,'2016-01-20',1791.452),(106,'2017-03-04',1859.809),(106,'2018-11-19',5064.252),(107,'2017-10-23',4102.180),(107,'2018-06-12',6730.352),(107,'2018-12-23',1235.811),(108,'2016-11-05',2920.528),(108,'2017-03-08',5986.756),(108,'2017-04-18',1254.530),(108,'2017-10-12',1446.682),(108,'2018-07-26',3716.913),(109,'2016-03-19',4618.628),(109,'2017-01-13',1199.728),(109,'2017-01-29',3026.260),(109,'2018-02-23',6457.217),(109,'2018-03-28',3688.952),(109,'2018-09-22',3552.268),(110,'2018-04-30',5063.275),(111,'2017-10-27',4925.171),(111,'2018-06-21',5584.820),(112,'2016-12-07',3024.956),(112,'2017-01-20',5581.311),(112,'2017-03-12',3796.192),(112,'2018-06-30',3078.379),(112,'2018-08-19',5787.888),(112,'2018-12-29',4747.417),(113,'2017-05-23',5742.560),(113,'2017-06-29',4041.251),(113,'2018-03-23',4254.533),(114,'2016-11-16',4618.088),(114,'2018-05-22',3816.749),(114,'2018-08-03',1682.210),(115,'2016-07-12',3126.950),(115,'2016-09-18',4422.253),(115,'2017-08-19',3092.683),(115,'2018-02-20',2150.808),(115,'2018-06-05',3529.508),(115,'2018-07-04',5304.103),(115,'2018-07-25',2092.687),(115,'2018-08-18',1956.575),(115,'2018-09-23',3904.441),(116,'2016-03-02',3710.541),(116,'2017-03-19',4110.276),(116,'2017-04-17',6613.240),(117,'2016-07-04',5730.370),(117,'2016-12-26',3007.181),(117,'2017-02-06',1601.861),(117,'2017-07-19',6738.890),(117,'2017-10-31',6638.420),(117,'2018-01-18',5561.654),(117,'2018-06-17',5963.471),(117,'2018-12-19',2937.740),(118,'2016-05-02',6919.646),(118,'2016-12-02',6972.068),(118,'2017-08-02',2906.178),(118,'2017-08-17',5365.755),(118,'2017-12-22',1323.559),(119,'2018-02-10',1357.929),(119,'2018-10-30',1992.432),(120,'2016-10-24',2505.789),(120,'2016-11-03',4032.438),(120,'2017-03-10',6152.046),(120,'2017-09-07',6512.406),(121,'2016-03-13',4673.415),(121,'2016-05-03',4811.740),(121,'2016-08-14',1191.672),(121,'2016-09-09',3735.265),(121,'2016-09-28',3798.045),(121,'2017-03-26',2240.274),(121,'2017-12-11',3343.089),(121,'2018-09-09',6552.264),(122,'2016-06-14',1861.975),(122,'2016-06-23',1206.149),(122,'2016-10-18',2632.018),(122,'2017-03-14',1986.328),(122,'2017-05-17',5294.947),(122,'2018-12-04',2777.795),(123,'2016-07-15',5431.148),(123,'2016-09-29',3005.557),(123,'2016-10-07',5691.792),(123,'2017-03-31',2732.100),(123,'2017-04-23',2265.949),(123,'2017-11-22',4526.739),(123,'2018-03-26',6228.398),(124,'2016-06-07',3663.320),(124,'2016-08-09',5031.462),(124,'2017-05-10',5623.266),(124,'2017-06-21',5507.156),(124,'2018-10-18',6719.799),(125,'2016-01-10',2012.395),(125,'2017-03-17',1711.998),(125,'2017-04-11',3588.264),(125,'2017-06-28',2689.323),(125,'2017-08-01',2212.981),(126,'2016-10-10',3295.108),(126,'2017-09-13',5861.224),(126,'2018-08-05',3632.054),(126,'2018-08-30',4583.117),(126,'2018-09-26',2499.719),(127,'2018-08-09',5858.221),(127,'2018-10-10',2873.977),(128,'2016-05-28',1928.438),(128,'2017-02-15',4091.708),(128,'2017-03-11',4898.338),(129,'2016-06-03',3081.456),(129,'2016-11-29',2385.758),(129,'2017-04-10',1225.406),(129,'2017-09-17',4156.996),(129,'2018-12-09',6842.244),(130,'2017-06-27',3474.003),(130,'2017-07-10',4067.803),(130,'2018-07-06',5711.053),(131,'2016-08-24',4999.704),(131,'2017-04-05',6605.297),(131,'2017-11-15',5160.279),(131,'2018-05-19',1547.787),(131,'2018-06-24',4572.037),(132,'2016-05-31',3506.976),(132,'2017-12-27',3596.536),(132,'2018-07-05',2051.879),(133,'2016-03-18',1560.549),(133,'2016-07-18',2599.828),(133,'2016-11-02',5891.375),(133,'2016-12-18',6088.984),(133,'2017-02-02',2893.251),(133,'2017-08-31',1538.771),(133,'2018-01-22',4341.970),(133,'2018-07-14',6818.703),(134,'2016-03-18',1548.819),(134,'2017-04-22',4843.198),(134,'2018-04-17',5059.484),(134,'2018-05-16',6001.766),(135,'2016-10-07',4344.380),(135,'2017-06-17',5474.509),(136,'2016-03-08',4717.380),(136,'2017-12-14',4756.045),(136,'2018-01-18',2892.761),(136,'2018-02-15',6947.021),(136,'2018-06-09',5195.429),(136,'2018-11-22',2295.560),(137,'2017-02-26',4542.258),(137,'2017-03-31',2787.931),(137,'2018-03-10',6982.781),(137,'2018-03-24',4125.902),(138,'2016-09-05',6946.281),(138,'2016-12-13',5882.692),(138,'2018-07-04',1060.118),(139,'2016-06-11',1654.470),(139,'2016-06-14',6455.844),(139,'2016-06-22',6700.279),(139,'2017-01-23',6994.946),(139,'2017-04-07',5902.080),(139,'2018-06-14',1460.808),(139,'2018-11-27',2203.492),(140,'2016-01-12',1626.070),(140,'2016-05-01',1933.231),(140,'2016-08-26',1393.068),(140,'2016-09-17',4371.741),(140,'2016-09-28',2274.582),(140,'2018-03-05',1455.814),(140,'2018-09-12',1759.462),(140,'2018-09-30',1959.084),(141,'2016-01-29',1109.684),(141,'2016-05-17',2641.875),(141,'2016-08-15',5817.605),(141,'2017-08-22',2796.608),(141,'2018-09-16',5073.320),(142,'2016-05-26',3762.542),(142,'2017-12-16',2525.149),(142,'2018-02-26',1291.122),(142,'2018-07-22',2272.364),(143,'2016-01-03',3579.087),(143,'2016-11-02',6708.460),(143,'2017-01-08',1479.167),(143,'2017-10-17',6376.054),(143,'2018-12-23',1549.567),(144,'2016-04-07',6459.597),(144,'2016-11-20',6887.261),(144,'2016-11-26',5881.641),(144,'2017-07-04',1178.841),(144,'2017-08-24',1035.653),(144,'2017-12-11',5207.047),(144,'2018-05-13',4757.116),(144,'2018-08-26',2666.582),(144,'2018-08-30',4785.250),(144,'2018-10-30',6107.099),(145,'2016-02-04',4914.218),(145,'2016-03-23',2911.306),(145,'2016-06-06',1879.026),(145,'2016-11-13',3310.823),(145,'2017-05-05',1019.815),(145,'2017-06-09',2734.534),(145,'2017-11-10',2061.918),(146,'2017-03-21',6991.345),(147,'2016-12-11',4564.107),(147,'2017-03-06',4836.267),(147,'2017-08-02',5609.417),(147,'2018-02-07',5165.316),(147,'2018-11-01',5638.291),(147,'2018-12-25',2783.098),(148,'2016-02-02',5171.194),(148,'2016-10-12',1968.087),(148,'2018-08-14',5475.117),(149,'2017-11-12',6627.991),(149,'2017-11-18',3691.297),(149,'2018-07-10',1574.976),(149,'2018-10-06',3591.976),(150,'2018-09-27',1754.684),(150,'2018-11-15',2287.872),(151,'2016-05-13',1977.817),(151,'2017-07-22',2521.985),(151,'2018-06-22',5819.455),(152,'2016-03-05',1920.589),(152,'2016-05-05',2363.476),(152,'2016-08-01',2341.853),(152,'2017-09-08',4611.144),(152,'2018-04-10',2844.269),(153,'2016-08-08',1512.528),(153,'2017-07-07',6189.670),(153,'2017-07-26',4557.189),(153,'2018-02-15',5424.774),(153,'2018-10-17',2115.405),(154,'2016-08-12',3754.534),(154,'2016-11-18',6454.716),(154,'2017-04-23',2047.253),(154,'2017-07-10',1079.776),(154,'2017-09-19',5648.623),(154,'2018-03-31',5510.941),(155,'2016-01-01',3401.821),(155,'2016-07-16',1422.711),(155,'2017-02-24',1562.276),(155,'2017-09-11',1682.475),(155,'2018-02-14',2477.618),(155,'2018-02-21',2513.202),(155,'2018-08-04',1699.654),(155,'2018-11-12',1870.194),(155,'2018-12-03',4027.745),(156,'2016-06-04',3714.128),(156,'2016-09-08',3370.390),(156,'2017-01-04',1044.325),(157,'2016-07-10',5497.396),(157,'2017-09-16',4202.225),(157,'2018-07-12',2518.682),(157,'2018-07-21',2866.598),(158,'2016-05-04',4246.503),(158,'2016-06-06',1552.313),(158,'2016-11-30',4620.275),(158,'2017-02-20',6820.354),(158,'2017-08-23',1920.468),(158,'2017-09-18',1923.948),(158,'2018-10-20',5571.648),(159,'2016-11-27',1336.217),(159,'2017-09-18',5207.152),(159,'2018-06-15',4453.585),(159,'2018-12-01',5669.558),(160,'2016-02-21',2783.532),(160,'2016-08-05',3301.711),(160,'2017-01-26',4341.169),(160,'2017-06-25',6721.775),(160,'2018-02-17',4382.925),(160,'2018-03-15',6786.639),(160,'2018-09-19',4238.782),(160,'2018-10-21',1470.616),(161,'2016-06-04',2913.759),(161,'2016-11-01',5710.570),(161,'2018-11-11',1423.109),(162,'2016-01-06',5676.691),(162,'2016-02-09',2391.723),(162,'2016-03-25',5341.556),(162,'2016-10-21',2564.796),(162,'2017-05-30',3386.318),(162,'2018-03-03',1866.681),(162,'2018-12-08',6124.816),(163,'2017-08-09',1175.830),(163,'2018-12-20',4172.451),(164,'2016-08-08',4471.704),(164,'2016-10-23',6724.286),(164,'2016-12-31',2488.917),(164,'2017-08-12',2104.824),(164,'2017-09-16',2443.721),(164,'2017-10-07',2396.598),(165,'2016-03-11',1480.113),(165,'2016-05-05',6543.788),(165,'2017-06-22',2335.281),(165,'2017-09-17',3145.625),(165,'2017-12-17',6716.437),(166,'2016-12-11',4987.658),(166,'2017-02-18',4907.944),(166,'2017-06-11',5968.762),(166,'2018-10-25',1862.307),(166,'2018-11-20',1607.234),(167,'2017-05-06',6400.678),(167,'2018-05-18',2982.828),(167,'2018-08-08',2915.009),(167,'2018-12-05',2512.563),(168,'2016-08-28',1755.412),(168,'2017-03-30',5170.228),(168,'2018-05-03',2403.718),(168,'2018-09-28',4550.971),(168,'2018-11-03',3058.671),(169,'2016-10-13',3995.675),(169,'2017-05-08',6992.111),(169,'2018-04-05',3321.517),(170,'2016-02-13',6083.718),(170,'2016-07-19',5265.949),(170,'2016-10-11',2675.209),(170,'2017-03-15',3765.726),(170,'2017-09-14',3190.875),(170,'2017-11-06',6258.000),(170,'2018-08-08',5250.123),(171,'2016-01-14',2569.560),(171,'2017-06-20',5412.491),(171,'2017-08-14',6729.472),(171,'2017-11-05',4435.396),(171,'2018-05-24',3442.833),(171,'2018-05-27',5529.321),(172,'2016-06-11',4814.977),(172,'2016-10-31',2161.837),(172,'2017-10-18',1408.346),(172,'2017-11-16',5329.448),(172,'2017-11-29',4488.255),(172,'2018-07-19',3041.658),(172,'2018-09-08',2339.151),(173,'2016-04-21',5131.257),(173,'2016-07-27',3830.328),(173,'2016-12-17',5282.999),(173,'2017-02-19',4980.266),(173,'2018-01-15',4145.166),(173,'2018-02-01',4828.522),(174,'2016-03-31',3108.433),(174,'2016-09-22',6718.248),(174,'2017-02-02',4755.266),(174,'2017-02-15',4407.509),(174,'2017-06-14',6704.750),(174,'2017-07-12',3479.119),(174,'2017-08-22',4057.584),(175,'2016-06-20',2308.987),(175,'2017-09-24',1900.755),(175,'2018-06-13',2316.405),(176,'2016-06-26',5410.109),(176,'2017-05-28',6816.222),(176,'2017-07-09',6265.192),(176,'2018-11-09',5117.828),(177,'2016-07-01',4176.709),(177,'2016-09-27',5929.346),(177,'2017-09-14',5496.546),(177,'2018-01-14',5300.725),(178,'2016-03-23',1005.145),(178,'2016-12-22',1141.330),(178,'2017-06-06',2418.700),(178,'2017-09-05',6801.847),(179,'2016-01-14',3527.667),(179,'2017-04-19',6211.133),(179,'2017-04-28',1270.654),(179,'2018-03-20',1521.445),(180,'2016-01-12',5671.471),(180,'2016-06-10',4408.754),(180,'2016-11-16',6397.142),(180,'2016-12-26',5968.937),(180,'2017-06-02',3286.961),(180,'2018-07-17',2974.578),(181,'2016-11-16',5841.939),(181,'2016-12-06',2982.886),(181,'2017-10-25',6998.798),(181,'2018-12-23',5707.943),(182,'2017-03-18',1979.894),(182,'2017-11-08',1619.920),(182,'2018-11-17',3397.000),(183,'2016-11-07',4439.350),(183,'2017-09-12',6441.248),(183,'2017-09-26',5676.051),(183,'2017-10-20',3967.208),(183,'2017-12-09',3013.282),(183,'2018-01-03',4003.474),(183,'2018-03-04',6368.024),(184,'2016-04-14',4816.638),(184,'2016-07-01',5810.679),(184,'2016-07-24',6907.436),(184,'2016-12-03',3486.106),(184,'2018-04-30',6336.345),(184,'2018-09-08',3760.810),(185,'2016-01-18',5404.629),(185,'2017-05-14',3685.635),(185,'2017-12-07',3469.175),(186,'2016-02-25',1554.344),(186,'2016-06-19',6618.806),(186,'2017-02-27',5667.080),(186,'2017-11-24',6660.276),(186,'2018-04-10',6267.326),(186,'2018-10-18',5713.473),(187,'2016-02-20',2103.419),(187,'2016-04-04',3378.261),(187,'2016-07-06',2898.136),(187,'2018-07-14',3649.211),(187,'2018-09-24',6364.379),(187,'2018-12-23',6199.943),(188,'2016-02-13',1250.805),(189,'2016-06-19',6184.699),(189,'2016-11-02',4645.621),(189,'2016-11-29',5605.627),(189,'2018-05-11',5855.340),(189,'2018-05-28',4623.958),(189,'2018-12-10',2521.740),(189,'2018-12-27',1890.508),(190,'2016-03-06',3954.189),(190,'2017-08-17',4219.794),(190,'2018-04-25',4158.485),(190,'2018-06-11',3855.544),(191,'2016-11-19',5246.656),(191,'2017-01-18',3669.653),(191,'2017-01-21',2571.121),(191,'2018-04-18',2505.300),(192,'2016-07-13',6685.596),(192,'2016-12-06',6353.933),(192,'2018-10-02',2976.444),(193,'2016-03-30',6711.367),(193,'2016-07-04',1341.700),(193,'2016-10-08',2377.581),(193,'2018-01-16',2035.393),(193,'2018-04-02',6535.675),(193,'2018-06-05',5539.917),(193,'2018-11-22',5702.910),(194,'2016-08-22',3015.970),(194,'2017-02-28',4847.005),(194,'2017-03-13',3381.730),(194,'2017-05-15',6161.484),(194,'2017-06-10',3418.499),(194,'2017-09-30',1401.484),(194,'2017-10-03',6778.744),(194,'2018-06-03',2203.581),(195,'2016-03-23',3965.999),(195,'2016-05-21',5233.037),(195,'2016-09-01',2885.469),(195,'2018-09-09',3038.891),(195,'2018-11-07',6706.797),(196,'2016-05-22',4423.613),(196,'2016-08-18',6721.493),(196,'2016-11-17',6904.168),(196,'2018-02-22',3324.046),(196,'2018-11-30',3942.894),(197,'2016-04-05',6180.736),(197,'2016-04-15',5271.132),(197,'2017-05-12',2497.477),(197,'2017-11-09',3068.173),(197,'2018-01-26',5090.850),(197,'2018-05-30',2343.328),(197,'2018-06-01',3082.273),(197,'2018-11-16',1918.084),(198,'2017-04-13',3326.871),(198,'2018-01-23',1829.671),(198,'2018-04-17',6653.081),(198,'2018-06-17',6926.644),(199,'2016-09-26',3779.732),(199,'2017-03-17',6137.574),(199,'2017-10-08',3811.426),(199,'2018-05-02',3266.887),(199,'2018-11-26',4866.628),(200,'2017-06-26',2405.247),(200,'2018-01-11',4234.666),(200,'2018-04-03',1553.660),(200,'2018-07-19',3010.921),(200,'2018-09-04',5437.125),(201,'2016-06-03',1053.232),(201,'2016-10-03',5346.878),(201,'2018-03-26',5002.819),(201,'2018-11-06',4338.791),(201,'2018-11-19',2252.558),(202,'2016-05-11',5599.210),(202,'2018-07-09',2697.068),(202,'2018-09-09',4127.452),(202,'2018-09-14',3048.478),(203,'2016-03-08',6047.201),(203,'2016-06-14',2830.705),(203,'2018-01-11',1683.522),(203,'2018-11-02',1109.455),(204,'2016-12-09',1120.188),(204,'2016-12-22',5460.509),(204,'2018-06-15',6059.580),(204,'2018-09-27',2610.090),(204,'2018-10-24',2354.934),(205,'2016-12-04',3040.510),(205,'2017-07-01',5411.048),(205,'2018-06-13',1926.167),(206,'2016-08-14',2932.912),(206,'2017-03-10',1226.265),(206,'2017-07-06',1001.290),(206,'2017-07-09',4785.257),(206,'2017-07-17',3545.278),(206,'2017-11-06',6219.008),(206,'2017-12-28',1325.503),(206,'2018-06-03',1388.392),(206,'2018-07-09',6582.019),(206,'2018-09-04',6250.130),(207,'2018-01-20',2651.643),(207,'2018-04-08',5530.697),(208,'2017-05-04',1587.707),(208,'2018-01-21',3108.951),(208,'2018-02-13',3298.051),(208,'2018-10-11',5686.005),(208,'2018-12-25',5166.399);
/*!40000 ALTER TABLE `costo_material` ENABLE KEYS */;
UNLOCK TABLES;

--
-- Table structure for table `ejecucion_tarea`
--

DROP TABLE IF EXISTS `ejecucion_tarea`;
/*!40101 SET @saved_cs_client     = @@character_set_client */;
/*!40101 SET character_set_client = utf8 */;
CREATE TABLE `ejecucion_tarea` (
  `nro_trabajo` int(11) NOT NULL,
  `nro_item` int(11) NOT NULL,
  `codigo_tipo_tarea` int(11) NOT NULL,
  `legajo_artesano` int(11) NOT NULL,
  `hs_trabajadas_reales` varchar(45) COLLATE utf8_unicode_ci DEFAULT NULL,
  PRIMARY KEY (`nro_trabajo`,`nro_item`,`codigo_tipo_tarea`,`legajo_artesano`),
  KEY `fk_ejecucion_tarea_empleado_idx` (`legajo_artesano`),
  CONSTRAINT `fk_ejecucion_tarea_empleado` FOREIGN KEY (`legajo_artesano`) REFERENCES `empleado` (`legajo`) ON UPDATE CASCADE,
  CONSTRAINT `fk_ejecucion_tarea_tarea` FOREIGN KEY (`nro_trabajo`, `nro_item`, `codigo_tipo_tarea`) REFERENCES `tarea` (`nro_trabajo`, `nro_item`, `codigo_tipo_tarea`) ON DELETE NO ACTION ON UPDATE NO ACTION
) ENGINE=InnoDB DEFAULT CHARSET=utf8 COLLATE=utf8_unicode_ci;
/*!40101 SET character_set_client = @saved_cs_client */;

--
-- Dumping data for table `ejecucion_tarea`
--

LOCK TABLES `ejecucion_tarea` WRITE;
/*!40000 ALTER TABLE `ejecucion_tarea` DISABLE KEYS */;
INSERT INTO `ejecucion_tarea` VALUES (1,6586,4,3488,NULL),(13,4743,6,8620,'12.32'),(14,3687,1,5970,'37.88'),(14,3687,1,8127,'15.33'),(14,3687,6,5194,'162.54'),(15,3533,2,3249,'34.89'),(15,3533,7,9023,NULL),(20,4044,6,7517,NULL),(22,3598,3,5196,NULL),(22,6965,6,1966,'10.84'),(22,6965,6,2684,NULL),(22,6965,6,6899,'1.04'),(22,6965,6,7882,'19.04'),(27,1850,3,2273,NULL),(27,1850,3,5280,'40.64'),(27,1850,3,6775,'23.9'),(27,1850,3,6914,NULL),(36,1990,5,3436,NULL),(46,2096,1,2295,NULL),(46,2096,5,4377,'16.36'),(51,5372,6,1905,NULL),(51,5372,6,5970,NULL),(51,5372,6,7589,NULL),(51,5372,6,7906,'10.08'),(52,3775,7,6655,'13.45'),(52,3775,7,6775,NULL),(54,1382,4,4537,'9.69'),(54,1382,4,7043,NULL),(54,1382,4,9072,'13.73'),(54,2356,3,2458,'4.88'),(54,2356,3,9210,'6.79'),(54,2356,4,5703,NULL),(56,2510,5,3616,'14.04'),(59,3589,6,1817,NULL),(59,3589,6,7043,NULL),(59,3589,8,5793,NULL),(2296,6076,4,5600,NULL),(2296,6076,4,9559,'14.36'),(2296,6076,6,7882,NULL),(2457,5854,7,8127,NULL),(2526,3761,3,1966,NULL),(2526,3761,3,2929,NULL),(2526,3761,3,4466,NULL),(2872,1323,8,4377,NULL),(3343,5109,2,6217,NULL),(3343,5109,2,6655,'1.96'),(3343,5109,2,6914,NULL),(3343,5109,7,4624,'16.23'),(3744,4862,7,2295,NULL),(3911,5610,3,2077,'14.39'),(4005,5942,2,7906,NULL),(4005,5942,5,3249,NULL),(4005,5942,5,6775,'88.18'),(4181,4410,6,8962,NULL),(4226,2991,5,8371,'88.86'),(4226,2991,5,8962,'37.05'),(4266,4066,3,1966,'38.76'),(4266,4066,3,4031,NULL),(4484,2718,5,7882,NULL),(4484,2933,1,7885,NULL),(4576,5130,1,4099,NULL),(4576,5130,5,4099,'83.77'),(4576,5130,5,6917,NULL),(4576,5130,5,8288,'25.53'),(4637,1777,2,2458,'10.62'),(4661,2719,2,2281,'60.83'),(4661,2719,6,6032,NULL),(4661,2719,6,6306,NULL),(4661,2719,6,8694,'41.26'),(4714,2004,1,8217,NULL),(4714,2004,1,8694,'9.35'),(4714,2004,1,8830,NULL),(4714,2004,2,7882,'46.83'),(4714,2004,2,7906,'10.88'),(4714,2004,6,2281,NULL),(4714,2004,6,2980,'37.13'),(4714,2004,6,7882,NULL),(4714,2004,6,9115,NULL),(4714,2398,7,6134,NULL),(4753,3058,5,3488,'14.27'),(4753,3058,8,5970,'223.63'),(4860,3651,5,7887,'51.9'),(4860,3651,5,9253,'89.47'),(5310,5682,6,5196,'14.08'),(5310,5682,6,8651,NULL),(5647,2949,1,2694,NULL),(5647,2949,1,7520,'66.29'),(5927,5915,1,4099,NULL),(5927,5915,1,8936,'23.56'),(5927,5915,8,8217,'13.95'),(6040,4908,7,4319,'26.24'),(6040,4908,7,9023,'14.13'),(6040,4908,8,7517,NULL),(6085,5883,3,5793,NULL),(6085,5883,3,6899,'6.43'),(6413,3144,3,2285,'26.58'),(6413,5739,8,4680,NULL),(6413,5739,8,7885,'13.09'),(6599,1111,6,4680,NULL),(6876,6863,8,6917,'25.85');
/*!40000 ALTER TABLE `ejecucion_tarea` ENABLE KEYS */;
UNLOCK TABLES;

--
-- Table structure for table `empleado`
--

DROP TABLE IF EXISTS `empleado`;
/*!40101 SET @saved_cs_client     = @@character_set_client */;
/*!40101 SET character_set_client = utf8 */;
CREATE TABLE `empleado` (
  `legajo` int(11) NOT NULL,
  `cuil` varchar(15) COLLATE utf8_unicode_ci NOT NULL,
  `nombre` varchar(255) COLLATE utf8_unicode_ci NOT NULL,
  `apellido` varchar(255) COLLATE utf8_unicode_ci NOT NULL,
  `telefono` varchar(20) COLLATE utf8_unicode_ci DEFAULT NULL,
  `direccion` varchar(255) COLLATE utf8_unicode_ci DEFAULT NULL,
  `email` varchar(255) COLLATE utf8_unicode_ci DEFAULT NULL,
  `tipo` varchar(255) COLLATE utf8_unicode_ci NOT NULL,
  PRIMARY KEY (`legajo`),
  UNIQUE KEY `cuil_UNIQUE` (`cuil`)
) ENGINE=InnoDB DEFAULT CHARSET=utf8 COLLATE=utf8_unicode_ci;
/*!40101 SET character_set_client = @saved_cs_client */;

--
-- Dumping data for table `empleado`
--

LOCK TABLES `empleado` WRITE;
/*!40000 ALTER TABLE `empleado` DISABLE KEYS */;
INSERT INTO `empleado` VALUES (1384,'1654010352799','Colin','Griffin','(623) 427-0147','533 Sem Ctra.','nunc.id@turpis.ca','Artesano'),(1442,'1653072185199','Nichole','Byers','(877) 292-9311','2903 Malesuada Av.','lacus.pede@aliquetnec.edu','Especialista'),(1817,'1653030342099','Cyrus','Rhodes','(638) 874-5588','Apartado núm.: 604, 3144 Lorem. Avda.','ut.nulla.Cras@natoque.com','Artesano'),(1905,'1622080231099','Reuben','Rivas','(621) 844-7954','Apartado núm.: 713, 9327 Semper. ','mi.felis@gravidamolestie.ca','Artesano'),(1966,'1617070649399','Allen','Velez','(838) 990-6898','Apartado núm.: 831, 2933 Donec ','Quisque.libero@nec.org','Artesano'),(2077,'1696072903599','Hashim','Waters','(782) 567-2485','Apartado núm.: 219, 7771 Convallis C.','Nullam.suscipit.est@dictum.com','Artesano'),(2273,'1619031691299','Raymond','Kidd','(506) 461-9634','Apartado núm.: 589, 4647 Tincidunt Avenida','dolor.Fusce@indolorFusce.ca','Artesano'),(2281,'1668062999899','Robin','Michael','(286) 311-1993','1747 Nec, Carretera','dis@egetipsum.net','Artesano'),(2285,'1692091025499','Juliet','Cochran','(580) 409-7921','164-3026 Malesuada ','orci@duinec.co.uk','Artesano'),(2295,'1664030315699','Bree','Kim','(233) 826-6582','959-5927 Auctor Ctra.','sapien@necanteblandit.co.uk','Artesano'),(2453,'1667051339099','Bethany','Reid','(803) 665-0799','534 Eros Calle','nunc@orci.com','Especialista'),(2458,'1678010367099','Bianca','Hubbard','(432) 734-7058','Apartado núm.: 625, 7616 Quisque Av.','Etiam.ligula.tortor@montes.ca','Artesano'),(2684,'1641120769199','Leslie','Bowman','(307) 163-2174','781-7481 Praesent Ctra.','Sed.diam@Inat.net','Artesano'),(2694,'1605090502899','Dalton','Carrillo','(605) 131-4713','157-128 Odio. Avda.','rutrum.lorem.ac@metus.org','Artesano'),(2929,'1645021523099','Gregory','Beach','(757) 342-7818','539-7352 Leo. C/','Donec@afelisullamcorper.net','Artesano'),(2980,'1692091568299','Amaya','Foley','(575) 870-8515','Apartado núm.: 594, 6163 Odio Av.','nibh.vulputate@libero.org','Artesano'),(3019,'1643112961099','Oliver','Vincent','(201) 718-6645','742-2818 Leo, Calle','eu.euismod@IncondimentumDonec.org','Especialista'),(3142,'1663121132099','Bert','Giles','(185) 247-0827','Apartado núm.: 407, 2949 Congue Calle','Nunc@consequatlectussit.co.uk','Artesano'),(3249,'1628082943499','Yolanda','Cross','(707) 723-6964','Apartado núm.: 876, 4332 Iaculis Avda.','Cras.pellentesque.Sed@Proin.edu','Artesano'),(3345,'1604021849399','Lucius','Velasquez','(444) 829-3892','Apartado núm.: 744, 8178 Vulputate ','convallis.in.cursus@amet.com','Artesano'),(3436,'1622111674199','Clayton','Bass','(438) 568-8454','Apdo.:354-6906 Risus. Av.','id.libero.Donec@at.net','Artesano'),(3488,'1668063027899','Aretha','Lee','(708) 776-2483','Apdo.:708-9443 Dolor, Carretera','ornare@cursusluctus.com','Artesano'),(3616,'1640020916799','Jenette','Green','(460) 377-9462','Apartado núm.: 450, 6312 Maecenas C/','urna.justo@bibendumfermentum.net','Artesano'),(3663,'1603042926799','Juliet','Justice','(880) 175-0243','656-3920 Imperdiet Ctra.','Duis@nisiCum.net','Especialista'),(3754,'1633023015499','Clare','Edwards','(986) 165-7733','Apdo.:137-5539 Amet Ctra.','non@liberoestcongue.co.uk','Artesano'),(3881,'1615122654799','Dean','Scott','(799) 902-8719','9690 Eleifend, Calle','at.nisi@massarutrum.org','Especialista'),(3914,'1682041596699','Tanner','Alford','(515) 791-2106','796-4199 Odio Av.','sed.dui@lobortisrisusIn.edu','Artesano'),(4031,'1695060116599','Karly','Kemp','(935) 836-7404','Apdo.:515-1100 Egestas Avda.','Quisque.purus.sapien@vitae.edu','Artesano'),(4066,'1675041411699','Buffy','Witt','(531) 237-9537','Apdo.:867-7105 Magna Avenida','velit.Aliquam@ipsumdolor.co.uk','Especialista'),(4099,'1678042423199','Otto','Miranda','(360) 484-8259','Apdo.:708-9411 Nulla. Avenida','magna.Praesent@etrisusQuisque.com','Artesano'),(4319,'1602022865199','Nissim','Castaneda','(520) 104-2806','Apartado núm.: 478, 1656 Lectus Av.','nisi.Mauris@pedenonummyut.org','Artesano'),(4377,'1697122069099','Kylie','Fernandez','(172) 733-1909','425-4595 Enim, Av.','eleifend.egestas@lectusconvallisest.co.uk','Artesano'),(4438,'1634041231199','Price','Sargent','(378) 976-9730','Apartado núm.: 543, 1629 Eros. C/','Suspendisse.eleifend@tincidunttempusrisus.ca','Especialista'),(4466,'1642050841799','Dean','Chan','(485) 202-5707','Apdo.:324-8746 Gravida Avda.','lacinia@eratinconsectetuer.net','Artesano'),(4537,'1644040659799','Christian','Joseph','(386) 158-5662','1513 Enim, C/','est.ac@Curabitur.co.uk','Artesano'),(4624,'1642081913999','Kermit','Dotson','(683) 956-9742','1064 Vel, Calle','Integer.sem.elit@odio.ca','Artesano'),(4680,'1656112495999','Martina','Fitzpatrick','(947) 945-5551','9517 Sodales. Calle','nec.ante@enim.edu','Artesano'),(5097,'1648022943099','Amy','Spencer','(379) 194-5394','290-5984 Consectetuer C.','Ut@Curabitursedtortor.net','Artesano'),(5194,'1659111555699','Dawn','Weaver','(742) 853-1329','Apartado núm.: 663, 6579 Ipsum. Ctra.','lacus.Quisque.purus@dolorFuscefeugiat.ca','Artesano'),(5196,'1685081765499','Kasimir','Mcneil','(176) 152-9005','Apdo.:941-4936 Lacinia Av.','semper.Nam@magnis.co.uk','Artesano'),(5280,'1679080219999','Macon','Noble','(345) 328-6039','Apartado núm.: 110, 7417 Mauris Avda.','Mauris.vel@Maecenaslibero.co.uk','Artesano'),(5572,'1627062403199','Amber','Hopper','(746) 466-2879','Apartado núm.: 542, 8627 Varius C.','orci.Ut.semper@liberoduinec.edu','Artesano'),(5600,'1695050568499','Abel','Kennedy','(433) 942-3918','8998 Mi Av.','eu.accumsan@malesuada.edu','Artesano'),(5625,'1692081840999','Jeremy','Glass','(489) 869-1811','Apdo.:996-1148 Ac, ','netus.et@Fuscediamnunc.co.uk','Artesano'),(5703,'1602061060299','Yetta','Randolph','(200) 106-8496','608-9143 Cursus C.','nisl.elementum@eu.net','Artesano'),(5793,'1666011029599','Jakeem','Phelps','(251) 132-4425','6753 Eu C.','nulla.vulputate.dui@dictumauguemalesuada.com','Artesano'),(5912,'1674031575799','Nita','Pacheco','(963) 644-0366','Apartado núm.: 353, 1612 Orci, Av.','sapien.Cras.dolor@blanditenim.co.uk','Especialista'),(5970,'1693042870799','Shaine','Todd','(762) 239-2566','Apartado núm.: 882, 2377 Suspendisse ','vel.quam@risusDonec.ca','Artesano'),(6032,'1615070306599','Jena','Delacruz','(239) 707-4692','Apdo.:661-4846 Proin Carretera','lorem@Curabiturut.com','Artesano'),(6108,'1624090938399','Myles','Parks','(349) 144-9329','716-2009 Cras Calle','a@leoinlobortis.org','Artesano'),(6134,'1694071960899','Emi','Goodman','(434) 971-1266','Apdo.:274-8950 Lacus. Calle','ultrices.Vivamus@magna.org','Artesano'),(6217,'1673062309599','Tucker','Jacobson','(541) 499-2102','1073 Mauris Ctra.','ut@orci.edu','Artesano'),(6280,'1650040483799','Leonard','Figueroa','(891) 363-4299','Apdo.:329-3868 Felis Ctra.','sagittis@rhoncusidmollis.net','Especialista'),(6306,'1601101890999','Myles','Myers','(443) 652-1043','422-9700 Purus. ','Donec.nibh.Quisque@ante.net','Artesano'),(6446,'1654101743999','Rahim','Aguirre','(661) 624-8152','Apdo.:466-7428 Gravida. C/','vitae.posuere.at@feugiattellus.com','Artesano'),(6557,'1659030127499','Gil','Greene','(609) 742-6862','Apartado núm.: 585, 6340 Eu Avenida','Praesent.eu@nec.org','Artesano'),(6655,'1632121877099','Alden','Whitehead','(787) 228-9699','2547 At Ctra.','sed@utnisia.com','Artesano'),(6775,'1607031980399','Xandra','Pugh','(850) 159-3817','Apartado núm.: 855, 8639 Quam Carretera','eget@Nunc.ca','Artesano'),(6899,'1623012405499','Summer','Torres','(754) 798-2118','Apdo.:709-2454 Augue ','bibendum.sed.est@musAenean.org','Artesano'),(6914,'1610050427299','Dakota','Garrett','(988) 806-5874','1490 Euismod Av.','risus.Nunc@nuncac.co.uk','Artesano'),(6917,'1681072439999','Shannon','Tillman','(500) 101-5559','6460 Ut C.','posuere@leoelementum.co.uk','Artesano'),(7043,'1686061616699','Joan','Rose','(958) 702-6262','Apdo.:636-3441 Accumsan Ctra.','Nullam@variusNam.edu','Artesano'),(7212,'1641100176099','Alden','Nixon','(679) 179-4362','Apdo.:697-6139 In ','quis@Sed.edu','Especialista'),(7425,'1609110912599','Bernard','Dickson','(650) 664-3336','671-2512 Auctor Calle','arcu.Nunc@Aliquam.ca','Especialista'),(7517,'1683123067599','Judah','Dawson','(324) 247-7069','Apartado núm.: 585, 4038 Fringilla Calle','eget@diamProindolor.co.uk','Artesano'),(7520,'1670041283399','Daryl','Morin','(768) 527-8112','Apdo.:372-2974 Eu Carretera','eget@nostraper.org','Artesano'),(7589,'1623122879299','Damon','Bender','(884) 234-3736','7660 At, Avenida','vel.faucibus.id@leoCras.com','Artesano'),(7594,'1631042486699','Abigail','Wolf','(376) 648-9266','826 A Carretera','nec.luctus@dolor.net','Artesano'),(7863,'1630062349999','Rhona','Daniel','(541) 448-6406','488-7473 Aenean Calle','Sed@odio.edu','Especialista'),(7882,'1689092256799','Althea','Brown','(231) 303-6958','Apdo.:884-3914 Dui. Carretera','tellus.Phasellus@etlaciniavitae.ca','Artesano'),(7885,'1682051148599','Marah','Rowland','(850) 557-5607','497 Nullam Calle','dolor@erosNamconsequat.edu','Artesano'),(7887,'1607091061599','Lois','Craft','(415) 176-2858','Apdo.:724-7088 Quis C.','consectetuer.mauris@urnaVivamus.com','Artesano'),(7906,'1698060870299','Caleb','Meadows','(391) 848-5170','Apartado núm.: 916, 7498 Suspendisse Avenida','facilisis.facilisis.magna@nonenimcommodo.co.uk','Artesano'),(8127,'1633102299499','Jessamine','Donaldson','(287) 739-7745','6623 Est, Carretera','aliquet.Phasellus.fermentum@tristiqueaceleifend.co.uk','Artesano'),(8184,'1651021561299','Sawyer','Frost','(753) 665-5202','Apdo.:434-6245 Per Calle','quam.Curabitur.vel@gravidaPraesent.net','Especialista'),(8217,'1663071872699','Sarah','Livingston','(271) 567-3212','874-335 Proin C.','cursus.et.eros@euodiotristique.edu','Artesano'),(8221,'1630091862799','Lillian','Buckner','(311) 543-6565','Apartado núm.: 264, 1498 Ut Av.','ornare.facilisis@Quisquepurus.edu','Artesano'),(8288,'1663061284799','Sasha','Crosby','(264) 733-9241','Apartado núm.: 819, 106 Aliquam C.','porttitor.scelerisque@etmagnaPraesent.ca','Artesano'),(8351,'1672100780799','Patience','Duran','(931) 975-7968','Apdo.:312-9962 Ut Avda.','fermentum.arcu.Vestibulum@Etiamvestibulum.com','Artesano'),(8371,'1624091277099','Basil','Grimes','(161) 477-9664','Apartado núm.: 318, 8161 Laoreet, Av.','sapien.molestie@Fuscedolor.edu','Artesano'),(8540,'1614060953899','Ira','Davis','(869) 456-2452','7745 Donec ','Sed.eget.lacus@erategetipsum.edu','Especialista'),(8620,'1666040883499','Anika','Bradford','(528) 608-5565','Apartado núm.: 752, 3119 Primis Avda.','semper@sitamet.edu','Artesano'),(8651,'1645102357399','Aline','Torres','(414) 205-1254','Apdo.:395-6371 Faucibus Ctra.','et.arcu@est.org','Artesano'),(8694,'1665090617199','Josiah','Michael','(375) 786-7534','702-9231 Facilisis Avda.','lorem@molestiepharetra.org','Artesano'),(8830,'1655041797799','Jasper','Dejesus','(661) 821-9346','7900 Ipsum C/','erat.Etiam.vestibulum@sedsemegestas.org','Artesano'),(8875,'1688072546899','Calvin','Hardin','(396) 103-8845','885-3619 Maecenas Carretera','tristique@tellusPhaselluselit.ca','Artesano'),(8879,'1679081460299','Hedley','Hensley','(185) 863-0088','Apartado núm.: 849, 6302 Purus Avda.','Cras.vehicula@feugiat.ca','Artesano'),(8913,'1634041842699','Stuart','Porter','(594) 771-2868','Apdo.:806-5335 Aliquam C/','ipsum.porta.elit@ipsum.ca','Artesano'),(8934,'1601051192699','India','Price','(407) 101-0373','1945 Fames Avda.','Fusce@Sed.edu','Artesano'),(8936,'1650031619399','Lillian','Mcfarland','(805) 521-1520','4535 Feugiat ','lacinia.Sed.congue@Cras.net','Artesano'),(8962,'1637062471299','Cynthia','Collier','(101) 581-2859','Apartado núm.: 812, 4368 Pharetra Avenida','tempus.eu.ligula@Sed.net','Artesano'),(9023,'1690011147999','Tarik','Mckee','(963) 196-8337','164-3834 Justo Avenida','est@duiin.net','Artesano'),(9072,'1643011075799','Dexter','Wise','(270) 879-3631','Apartado núm.: 965, 1401 Semper C.','Vivamus.non.lorem@inconsectetueripsum.ca','Artesano'),(9115,'1698121004399','Zorita','Suarez','(278) 193-4923','643-3003 Nisl. Carretera','magna@Nullam.ca','Artesano'),(9210,'1682011318499','Tatyana','Stewart','(965) 415-8385','7654 Sagittis ','posuere@anteVivamus.edu','Artesano'),(9253,'1667050238799','Constance','Hayden','(785) 296-8720','6376 Vitae, Carretera','eu@liberonec.org','Artesano'),(9289,'1642011322499','Skyler','Johnson','(126) 396-5288','914-9571 Nulla Ctra.','Proin.vel.arcu@risusInmi.ca','Artesano'),(9395,'1610122024099','Gisela','Grant','(448) 783-0917','Apartado núm.: 124, 5529 Nisl ','placerat.Cras.dictum@odioPhasellus.ca','Artesano'),(9501,'1614122608299','Kuame','Short','(731) 735-8227','282-6567 Et Carretera','libero.at.auctor@musAenean.org','Artesano'),(9559,'1670082978399','Kelly','Mack','(348) 728-3025','Apartado núm.: 596, 1800 Nunc C/','tellus.Nunc@eros.edu','Artesano');
/*!40000 ALTER TABLE `empleado` ENABLE KEYS */;
UNLOCK TABLES;

--
-- Table structure for table `especialidad`
--

DROP TABLE IF EXISTS `especialidad`;
/*!40101 SET @saved_cs_client     = @@character_set_client */;
/*!40101 SET character_set_client = utf8 */;
CREATE TABLE `especialidad` (
  `codigo` int(11) NOT NULL,
  `descripcion` varchar(255) CHARACTER SET utf8 NOT NULL,
  PRIMARY KEY (`codigo`)
) ENGINE=InnoDB DEFAULT CHARSET=utf8 COLLATE=utf8_unicode_ci;
/*!40101 SET character_set_client = @saved_cs_client */;

--
-- Dumping data for table `especialidad`
--

LOCK TABLES `especialidad` WRITE;
/*!40000 ALTER TABLE `especialidad` DISABLE KEYS */;
INSERT INTO `especialidad` VALUES (1,'Herrero'),(2,'Carpintero'),(3,'Costurero'),(4,'Pintor'),(5,'Modelaje'),(6,'Diseñador');
/*!40000 ALTER TABLE `especialidad` ENABLE KEYS */;
UNLOCK TABLES;

--
-- Table structure for table `item`
--

DROP TABLE IF EXISTS `item`;
/*!40101 SET @saved_cs_client     = @@character_set_client */;
/*!40101 SET character_set_client = utf8 */;
CREATE TABLE `item` (
  `nro_trabajo` int(11) NOT NULL,
  `nro_item` int(11) NOT NULL,
  `detalle` varchar(255) COLLATE utf8_unicode_ci NOT NULL,
  `imagen` varchar(255) COLLATE utf8_unicode_ci NOT NULL,
  `medidas` varchar(255) COLLATE utf8_unicode_ci NOT NULL,
  `codigo_tipo_elemento` int(11) NOT NULL,
  PRIMARY KEY (`nro_trabajo`,`nro_item`),
  KEY `fk_item_tipo_elemento_idx` (`codigo_tipo_elemento`),
  CONSTRAINT `fk_item_tipo_elemento` FOREIGN KEY (`codigo_tipo_elemento`) REFERENCES `tipo_elemento` (`codigo`) ON UPDATE CASCADE,
  CONSTRAINT `fk_item_trabajo` FOREIGN KEY (`nro_trabajo`) REFERENCES `trabajo` (`nro`) ON UPDATE CASCADE
) ENGINE=InnoDB DEFAULT CHARSET=utf8 COLLATE=utf8_unicode_ci;
/*!40101 SET character_set_client = @saved_cs_client */;

--
-- Dumping data for table `item`
--

LOCK TABLES `item` WRITE;
/*!40000 ALTER TABLE `item` DISABLE KEYS */;
INSERT INTO `item` VALUES (1,6586,'Detalle 16','/uploads/img13.jpg','L',7),(5,5202,'Detalle 12','/uploads/img4.jpg','L',6),(8,6310,'Detalle 15','/uploads/img12.jpg','XS',7),(9,1265,'Detalle 13','/uploads/img19.jpg','XS',7),(10,2845,'Detalle 7','/uploads/img2.jpg','XS',11),(11,6782,'Detalle 12','/uploads/img19.jpg','M',6),(12,5842,'Detalle 13','/uploads/img6.jpg','L',8),(13,4743,'Detalle 17','/uploads/img11.jpg','M',9),(14,3687,'Detalle 14','/uploads/img3.jpg','M',2),(15,3533,'Detalle 13','/uploads/img7.jpg','XS',11),(17,2890,'Detalle 8','/uploads/img2.jpg','XS',7),(17,4097,'Detalle 10','/uploads/img13.jpg','L',7),(19,1059,'Detalle 18','/uploads/img13.jpg','M',10),(20,4044,'Detalle 7','/uploads/img9.jpg','L',8),(22,3135,'Detalle 9','/uploads/img9.jpg','M',6),(22,3598,'Detalle 5','/uploads/img14.jpg','L',4),(22,6965,'Detalle 12','/uploads/img11.jpg','XS',1),(24,2796,'Detalle 7','/uploads/img16.jpg','L',4),(27,1850,'Detalle 4','/uploads/img19.jpg','XS',7),(30,1124,'Detalle 18','/uploads/img11.jpg','XS',3),(30,2452,'Detalle 15','/uploads/img5.jpg','M',3),(32,4948,'Detalle 12','/uploads/img6.jpg','L',11),(34,4738,'Detalle 16','/uploads/img2.jpg','M',3),(36,1990,'Detalle 16','/uploads/img3.jpg','L',6),(43,5661,'Detalle 11','/uploads/img3.jpg','M',11),(44,3543,'Detalle 8','/uploads/img19.jpg','M',8),(46,1458,'Detalle 15','/uploads/img18.jpg','L',11),(46,2096,'Detalle 5','/uploads/img7.jpg','L',5),(50,5014,'Detalle 3','/uploads/img6.jpg','XS',3),(51,5372,'Detalle 13','/uploads/img16.jpg','L',11),(52,3775,'Detalle 2','/uploads/img10.jpg','XS',2),(54,1382,'Detalle 16','/uploads/img5.jpg','M',4),(54,2356,'Detalle 5','/uploads/img5.jpg','L',1),(56,2510,'Detalle 9','/uploads/img10.jpg','XS',8),(59,3589,'Detalle 4','/uploads/img2.jpg','XS',9),(1352,4290,'Detalle 15','/uploads/img6.jpg','XS',1),(1564,1127,'Detalle 10','/uploads/img14.jpg','XS',11),(1564,3581,'Detalle 2','/uploads/img16.jpg','L',8),(1915,1930,'Detalle 16','/uploads/img17.jpg','L',11),(1915,3908,'Detalle 13','/uploads/img16.jpg','M',1),(2296,6076,'Detalle 9','/uploads/img11.jpg','M',7),(2372,6921,'Detalle 9','/uploads/img2.jpg','XS',11),(2457,5854,'Detalle 15','/uploads/img6.jpg','M',5),(2526,3761,'Detalle 16','/uploads/img10.jpg','XS',11),(2643,2110,'Detalle 8','/uploads/img10.jpg','L',5),(2691,5787,'Detalle 16','/uploads/img10.jpg','L',4),(2872,1323,'Detalle 10','/uploads/img7.jpg','L',1),(3111,4512,'Detalle 9','/uploads/img7.jpg','XS',5),(3117,3637,'Detalle 14','/uploads/img3.jpg','M',6),(3343,5109,'Detalle 5','/uploads/img12.jpg','XS',9),(3382,1179,'Detalle 10','/uploads/img12.jpg','M',8),(3382,2990,'Detalle 7','/uploads/img15.jpg','XS',2),(3744,4862,'Detalle 18','/uploads/img5.jpg','XS',10),(3781,6119,'Detalle 17','/uploads/img16.jpg','XS',8),(3911,5610,'Detalle 5','/uploads/img8.jpg','XS',9),(4005,5942,'Detalle 18','/uploads/img5.jpg','XS',7),(4050,6060,'Detalle 5','/uploads/img11.jpg','L',5),(4181,4410,'Detalle 14','/uploads/img6.jpg','XS',11),(4181,5859,'Detalle 3','/uploads/img7.jpg','L',6),(4226,2991,'Detalle 9','/uploads/img19.jpg','XS',2),(4266,4066,'Detalle 7','/uploads/img10.jpg','M',3),(4484,2718,'Detalle 16','/uploads/img15.jpg','M',4),(4484,2933,'Detalle 2','/uploads/img6.jpg','XS',2),(4484,5481,'Detalle 18','/uploads/img5.jpg','XS',9),(4555,5982,'Detalle 9','/uploads/img2.jpg','XS',6),(4576,5130,'Detalle 14','/uploads/img13.jpg','XS',1),(4576,6069,'Detalle 18','/uploads/img7.jpg','M',11),(4637,1777,'Detalle 12','/uploads/img15.jpg','XS',1),(4661,2719,'Detalle 15','/uploads/img8.jpg','M',3),(4714,2004,'Detalle 8','/uploads/img3.jpg','M',10),(4714,2398,'Detalle 12','/uploads/img6.jpg','L',3),(4714,4773,'Detalle 15','/uploads/img10.jpg','L',7),(4753,2437,'Detalle 5','/uploads/img8.jpg','XS',7),(4753,3058,'Detalle 2','/uploads/img5.jpg','L',7),(4860,2494,'Detalle 12','/uploads/img11.jpg','L',5),(4860,3651,'Detalle 12','/uploads/img11.jpg','L',2),(5163,1180,'Detalle 16','/uploads/img9.jpg','M',1),(5310,5682,'Detalle 9','/uploads/img2.jpg','L',1),(5378,5040,'Detalle 8','/uploads/img3.jpg','L',2),(5617,2788,'Detalle 5','/uploads/img14.jpg','L',8),(5647,2949,'Detalle 18','/uploads/img7.jpg','XS',1),(5927,4003,'Detalle 14','/uploads/img11.jpg','M',9),(5927,5915,'Detalle 12','/uploads/img15.jpg','M',4),(6040,4908,'Detalle 4','/uploads/img2.jpg','M',5),(6060,5308,'Detalle 18','/uploads/img3.jpg','XS',3),(6085,5050,'Detalle 17','/uploads/img18.jpg','M',4),(6085,5883,'Detalle 12','/uploads/img11.jpg','M',7),(6094,1038,'Detalle 13','/uploads/img10.jpg','L',4),(6094,2546,'Detalle 8','/uploads/img19.jpg','M',9),(6167,1750,'Detalle 12','/uploads/img10.jpg','XS',11),(6167,2568,'Detalle 7','/uploads/img14.jpg','L',10),(6345,4734,'Detalle 10','/uploads/img4.jpg','XS',11),(6413,3144,'Detalle 11','/uploads/img15.jpg','L',6),(6413,5739,'Detalle 14','/uploads/img15.jpg','XS',10),(6435,3035,'Detalle 3','/uploads/img11.jpg','XS',2),(6452,4405,'Detalle 14','/uploads/img17.jpg','L',11),(6599,1111,'Detalle 10','/uploads/img14.jpg','XS',2),(6791,6153,'Detalle 16','/uploads/img19.jpg','M',6),(6876,6863,'Detalle 3','/uploads/img13.jpg','M',8),(6908,4975,'Detalle 10','/uploads/img2.jpg','XS',3),(6996,4440,'Detalle 16','/uploads/img13.jpg','M',7);
/*!40000 ALTER TABLE `item` ENABLE KEYS */;
UNLOCK TABLES;

--
-- Table structure for table `material`
--

DROP TABLE IF EXISTS `material`;
/*!40101 SET @saved_cs_client     = @@character_set_client */;
/*!40101 SET character_set_client = utf8 */;
CREATE TABLE `material` (
  `codigo` int(11) NOT NULL,
  `descripcion` varchar(255) COLLATE utf8_unicode_ci NOT NULL,
  `unidad_medida` varchar(255) COLLATE utf8_unicode_ci NOT NULL,
  `color` varchar(255) COLLATE utf8_unicode_ci DEFAULT NULL,
  `tipo` varchar(255) COLLATE utf8_unicode_ci NOT NULL,
  PRIMARY KEY (`codigo`)
) ENGINE=InnoDB DEFAULT CHARSET=utf8 COLLATE=utf8_unicode_ci;
/*!40101 SET character_set_client = @saved_cs_client */;

--
-- Dumping data for table `material`
--

LOCK TABLES `material` WRITE;
/*!40000 ALTER TABLE `material` DISABLE KEYS */;
INSERT INTO `material` VALUES (1,'seda','m2','negro','tela'),(2,'algodon','m2','negro','tela'),(3,'simil cuero','m2','negro','tela'),(4,'simil piel','m2','negro','tela'),(5,'pintura tela','m2','negro','pintura'),(6,'plastico','kg','negro','moldeable'),(7,'acrílico','l','negro','pintura'),(8,'hilo','m','negro','tela'),(9,'filamento flexible','rollo','negro','moldeable'),(10,'filamento rigido','rollo','negro','moldeable'),(11,'pintura metal','l','negro','pintura'),(12,'seda','m2','gris','tela'),(13,'algodon','m2','gris','tela'),(14,'simil cuero','m2','gris','tela'),(15,'simil piel','m2','gris','tela'),(16,'pintura tela','m2','gris','pintura'),(17,'plastico','kg','gris','moldeable'),(18,'acrílico','l','gris','pintura'),(19,'hilo','m','gris','tela'),(20,'filamento flexible','rollo','gris','moldeable'),(21,'filamento rigido','rollo','gris','moldeable'),(22,'pintura metal','l','gris','pintura'),(23,'seda','m2','blanco','tela'),(24,'algodon','m2','blanco','tela'),(25,'simil cuero','m2','blanco','tela'),(26,'simil piel','m2','blanco','tela'),(27,'pintura tela','m2','blanco','pintura'),(28,'plastico','kg','blanco','moldeable'),(29,'acrílico','l','blanco','pintura'),(30,'hilo','m','blanco','tela'),(31,'filamento flexible','rollo','blanco','moldeable'),(32,'filamento rigido','rollo','blanco','moldeable'),(33,'pintura metal','l','blanco','pintura'),(34,'seda','m2','rojo','tela'),(35,'algodon','m2','rojo','tela'),(36,'simil cuero','m2','rojo','tela'),(37,'simil piel','m2','rojo','tela'),(38,'pintura tela','m2','rojo','pintura'),(39,'plastico','kg','rojo','moldeable'),(40,'acrílico','l','rojo','pintura'),(41,'hilo','m','rojo','tela'),(42,'filamento flexible','rollo','rojo','moldeable'),(43,'filamento rigido','rollo','rojo','moldeable'),(44,'pintura metal','l','rojo','pintura'),(45,'seda','m2','verde','tela'),(46,'algodon','m2','verde','tela'),(47,'simil cuero','m2','verde','tela'),(48,'simil piel','m2','verde','tela'),(49,'pintura tela','m2','verde','pintura'),(50,'plastico','kg','verde','moldeable'),(51,'acrílico','l','verde','pintura'),(52,'hilo','m','verde','tela'),(53,'filamento flexible','rollo','verde','moldeable'),(54,'filamento rigido','rollo','verde','moldeable'),(55,'pintura metal','l','verde','pintura'),(56,'seda','m2','azul','tela'),(57,'algodon','m2','azul','tela'),(58,'simil cuero','m2','azul','tela'),(59,'simil piel','m2','azul','tela'),(60,'pintura tela','m2','azul','pintura'),(61,'plastico','kg','azul','moldeable'),(62,'acrílico','l','azul','pintura'),(63,'hilo','m','azul','tela'),(64,'filamento flexible','rollo','azul','moldeable'),(65,'filamento rigido','rollo','azul','moldeable'),(66,'pintura metal','l','azul','pintura'),(67,'seda','m2','rosa','tela'),(68,'algodon','m2','rosa','tela'),(69,'simil cuero','m2','rosa','tela'),(70,'simil piel','m2','rosa','tela'),(71,'pintura tela','m2','rosa','pintura'),(72,'plastico','kg','rosa','moldeable'),(73,'acrílico','l','rosa','pintura'),(74,'hilo','m','rosa','tela'),(75,'filamento flexible','rollo','rosa','moldeable'),(76,'filamento rigido','rollo','rosa','moldeable'),(77,'pintura metal','l','rosa','pintura'),(78,'seda','m2','amarillo','tela'),(79,'algodon','m2','amarillo','tela'),(80,'simil cuero','m2','amarillo','tela'),(81,'simil piel','m2','amarillo','tela'),(82,'pintura tela','m2','amarillo','pintura'),(83,'plastico','kg','amarillo','moldeable'),(84,'acrílico','l','amarillo','pintura'),(85,'hilo','m','amarillo','tela'),(86,'filamento flexible','rollo','amarillo','moldeable'),(87,'filamento rigido','rollo','amarillo','moldeable'),(88,'pintura metal','l','amarillo','pintura'),(89,'seda','m2','violeta','tela'),(90,'algodon','m2','violeta','tela'),(91,'simil cuero','m2','violeta','tela'),(92,'simil piel','m2','violeta','tela'),(93,'pintura tela','m2','violeta','pintura'),(94,'plastico','kg','violeta','moldeable'),(95,'acrílico','l','violeta','pintura'),(96,'hilo','m','violeta','tela'),(97,'filamento flexible','rollo','violeta','moldeable'),(98,'filamento rigido','rollo','violeta','moldeable'),(99,'pintura metal','l','violeta','pintura'),(100,'seda','m2','celeste','tela'),(101,'algodon','m2','celeste','tela'),(102,'simil cuero','m2','celeste','tela'),(103,'simil piel','m2','celeste','tela'),(104,'pintura tela','m2','celeste','pintura'),(105,'plastico','kg','celeste','moldeable'),(106,'acrílico','l','celeste','pintura'),(107,'hilo','m','celeste','tela'),(108,'filamento flexible','rollo','celeste','moldeable'),(109,'filamento rigido','rollo','celeste','moldeable'),(110,'pintura metal','l','celeste','pintura'),(111,'seda','m2','plata','tela'),(112,'algodon','m2','plata','tela'),(113,'simil cuero','m2','plata','tela'),(114,'simil piel','m2','plata','tela'),(115,'pintura tela','m2','plata','pintura'),(116,'plastico','kg','plata','moldeable'),(117,'acrílico','l','plata','pintura'),(118,'hilo','m','plata','tela'),(119,'filamento flexible','rollo','plata','moldeable'),(120,'filamento rigido','rollo','plata','moldeable'),(121,'pintura metal','l','plata','pintura'),(122,'seda','m2','oro','tela'),(123,'algodon','m2','oro','tela'),(124,'simil cuero','m2','oro','tela'),(125,'simil piel','m2','oro','tela'),(126,'pintura tela','m2','oro','pintura'),(127,'plastico','kg','oro','moldeable'),(128,'acrílico','l','oro','pintura'),(129,'hilo','m','oro','tela'),(130,'filamento flexible','rollo','oro','moldeable'),(131,'filamento rigido','rollo','oro','moldeable'),(132,'pintura metal','l','oro','pintura'),(133,'seda','m2','acero','tela'),(134,'algodon','m2','acero','tela'),(135,'simil cuero','m2','acero','tela'),(136,'simil piel','m2','acero','tela'),(137,'pintura tela','m2','acero','pintura'),(138,'plastico','kg','acero','moldeable'),(139,'acrílico','l','acero','pintura'),(140,'hilo','m','acero','tela'),(141,'filamento flexible','rollo','acero','moldeable'),(142,'filamento rigido','rollo','acero','moldeable'),(143,'pintura metal','l','acero','pintura'),(144,'seda','m2','bronce','tela'),(145,'algodon','m2','bronce','tela'),(146,'simil cuero','m2','bronce','tela'),(147,'simil piel','m2','bronce','tela'),(148,'pintura tela','m2','bronce','pintura'),(149,'plastico','kg','bronce','moldeable'),(150,'acrílico','l','bronce','pintura'),(151,'hilo','m','bronce','tela'),(152,'filamento flexible','rollo','bronce','moldeable'),(153,'filamento rigido','rollo','bronce','moldeable'),(154,'pintura metal','l','bronce','pintura'),(155,'seda','m2','cobre','tela'),(156,'algodon','m2','cobre','tela'),(157,'simil cuero','m2','cobre','tela'),(158,'simil piel','m2','cobre','tela'),(159,'pintura tela','m2','cobre','pintura'),(160,'plastico','kg','cobre','moldeable'),(161,'acrílico','l','cobre','pintura'),(162,'hilo','m','cobre','tela'),(163,'filamento flexible','rollo','cobre','moldeable'),(164,'filamento rigido','rollo','cobre','moldeable'),(165,'pintura metal','l','cobre','pintura'),(166,'seda','m2','marrón','tela'),(167,'algodon','m2','marrón','tela'),(168,'simil cuero','m2','marrón','tela'),(169,'simil piel','m2','marrón','tela'),(170,'pintura tela','m2','marrón','pintura'),(171,'plastico','kg','marrón','moldeable'),(172,'acrílico','l','marrón','pintura'),(173,'hilo','m','marrón','tela'),(174,'filamento flexible','rollo','marrón','moldeable'),(175,'filamento rigido','rollo','marrón','moldeable'),(176,'pintura metal','l','marrón','pintura'),(177,'seda','m2','niquel','tela'),(178,'algodon','m2','niquel','tela'),(179,'simil cuero','m2','niquel','tela'),(180,'simil piel','m2','niquel','tela'),(181,'pintura tela','m2','niquel','pintura'),(182,'plastico','kg','niquel','moldeable'),(183,'acrílico','l','niquel','pintura'),(184,'hilo','m','niquel','tela'),(185,'filamento flexible','rollo','niquel','moldeable'),(186,'filamento rigido','rollo','niquel','moldeable'),(187,'pintura metal','l','niquel','pintura'),(188,'seda','m2','peltre','tela'),(189,'algodon','m2','peltre','tela'),(190,'simil cuero','m2','peltre','tela'),(191,'simil piel','m2','peltre','tela'),(192,'pintura tela','m2','peltre','pintura'),(193,'plastico','kg','peltre','moldeable'),(194,'acrílico','l','peltre','pintura'),(195,'hilo','m','peltre','tela'),(196,'filamento flexible','rollo','peltre','moldeable'),(197,'filamento rigido','rollo','peltre','moldeable'),(198,'pintura metal','l','peltre','pintura'),(199,'aluminio','kg',NULL,'metal'),(200,'oro','g',NULL,'metal'),(201,'hierro','kg',NULL,'metal'),(202,'cobre','g',NULL,'metal'),(203,'plata','g',NULL,'metal'),(204,'bronze','g',NULL,'metal'),(205,'pino 2x4','m',NULL,'madera'),(206,'pino 1x6','m',NULL,'madera'),(207,'cedro 1x6','m',NULL,'madera'),(208,'cedro 1x1','m',NULL,'madera');
/*!40000 ALTER TABLE `material` ENABLE KEYS */;
UNLOCK TABLES;

--
-- Table structure for table `tarea`
--

DROP TABLE IF EXISTS `tarea`;
/*!40101 SET @saved_cs_client     = @@character_set_client */;
/*!40101 SET character_set_client = utf8 */;
CREATE TABLE `tarea` (
  `nro_trabajo` int(11) NOT NULL,
  `nro_item` int(11) NOT NULL,
  `codigo_tipo_tarea` int(11) NOT NULL,
  `hs_estimadas` decimal(9,3) NOT NULL,
  `costo_estimado_mano_obra` decimal(9,3) NOT NULL,
  `costo_estimado_materiales` decimal(9,3) NOT NULL,
  `fecha_hora_inicio` datetime DEFAULT NULL,
  `fecha_hora_fin` datetime DEFAULT NULL,
  `detalle` varchar(255) COLLATE utf8_unicode_ci NOT NULL,
  PRIMARY KEY (`nro_trabajo`,`nro_item`,`codigo_tipo_tarea`),
  KEY `fk_tarea_tipo_tarea_idx` (`codigo_tipo_tarea`),
  CONSTRAINT `fk_tarea_item` FOREIGN KEY (`nro_trabajo`, `nro_item`) REFERENCES `item` (`nro_trabajo`, `nro_item`) ON UPDATE CASCADE,
  CONSTRAINT `fk_tarea_tipo_tarea` FOREIGN KEY (`codigo_tipo_tarea`) REFERENCES `tipo_tarea` (`codigo`) ON DELETE NO ACTION ON UPDATE NO ACTION
) ENGINE=InnoDB DEFAULT CHARSET=utf8 COLLATE=utf8_unicode_ci;
/*!40101 SET character_set_client = @saved_cs_client */;

--
-- Dumping data for table `tarea`
--

LOCK TABLES `tarea` WRITE;
/*!40000 ALTER TABLE `tarea` DISABLE KEYS */;
INSERT INTO `tarea` VALUES (1,6586,4,4.000,1593.000,1069.000,'2018-08-22 00:00:00','2018-11-15 00:00:00','Realizar con maquina '),(9,1265,1,3.000,1841.000,1503.000,'2018-10-01 12:00:00',NULL,'Realizar con maquina '),(13,4743,6,2.000,1929.000,1808.000,'2018-10-01 08:00:00',NULL,'Realizar con maquina '),(14,3687,1,2.000,1620.000,2033.000,'2018-10-01 12:00:00',NULL,'Realizar con maquina '),(14,3687,6,4.000,1312.000,2239.000,'2018-10-01 12:00:00',NULL,'Realizar con maquina '),(14,3687,8,2.000,2204.000,1094.000,'2018-10-01 12:00:00',NULL,'Realizar con maquina '),(15,3533,2,3.000,1580.000,2255.000,'2018-11-14 00:00:00',NULL,'Realizar con maquina '),(15,3533,7,3.000,1789.000,2492.000,'2018-11-14 00:00:00',NULL,'Realizar con maquina '),(20,4044,6,4.000,1706.000,1692.000,'2018-09-02 00:00:00','2018-11-26 00:00:00','Realizar con maquina '),(22,3598,3,4.000,2165.000,1487.000,'2018-10-01 10:00:00',NULL,'Realizar con maquina '),(22,6965,6,4.000,1703.000,1360.000,'2018-10-01 08:00:00',NULL,'Realizar con maquina '),(24,2796,8,4.000,1022.000,1339.000,'2018-12-16 00:00:00',NULL,'Realizar con maquina '),(27,1850,3,2.000,2003.000,1613.000,'2018-12-11 00:00:00',NULL,'Realizar con maquina '),(30,1124,3,2.000,1445.000,1551.000,'2018-08-26 00:00:00','2018-11-18 00:00:00','Realizar con maquina '),(32,4948,6,4.000,1718.000,1916.000,'2018-11-06 00:00:00',NULL,'Realizar con maquina '),(36,1990,3,4.000,1756.000,2425.000,'2018-08-31 00:00:00','2018-11-23 00:00:00','Realizar con maquina '),(36,1990,5,2.000,1126.000,2375.000,'2018-08-31 00:00:00','2018-11-23 00:00:00','Realizar con maquina '),(44,3543,4,2.000,2362.000,2100.000,'2018-10-12 00:00:00',NULL,'Realizar con maquina '),(46,1458,8,2.000,1430.000,2376.000,'2018-10-01 09:00:00',NULL,'Realizar con maquina '),(46,2096,1,3.000,2068.000,1576.000,'2018-10-01 14:00:00',NULL,'Realizar con maquina '),(46,2096,5,3.000,2046.000,1257.000,'2018-10-01 14:00:00',NULL,'Realizar con maquina '),(50,5014,2,4.000,1524.000,2057.000,'2018-10-01 15:00:00',NULL,'Realizar con maquina '),(51,5372,6,3.000,1986.000,1012.000,'2018-10-07 00:00:00',NULL,'Realizar con maquina '),(52,3775,7,3.000,1358.000,2392.000,'2018-09-11 00:00:00','2018-12-04 00:00:00','Realizar con maquina '),(54,1382,4,4.000,1332.000,1921.000,'2018-10-12 00:00:00',NULL,'Realizar con maquina '),(54,2356,3,4.000,1585.000,1431.000,'2018-10-12 00:00:00',NULL,'Realizar con maquina '),(54,2356,4,2.000,1431.000,1890.000,'2018-10-12 00:00:00',NULL,'Realizar con maquina '),(54,2356,5,2.000,1399.000,1159.000,'2018-10-12 00:00:00',NULL,'Realizar con maquina '),(54,2356,7,2.000,1701.000,2126.000,'2018-10-12 00:00:00',NULL,'Realizar con maquina '),(56,2510,4,3.000,1809.000,1653.000,'2018-10-01 14:00:00',NULL,'Realizar con maquina '),(56,2510,5,2.000,1440.000,2386.000,'2018-10-01 14:00:00',NULL,'Realizar con maquina '),(56,2510,6,3.000,2276.000,1467.000,'2018-10-01 14:00:00',NULL,'Realizar con maquina '),(59,3589,6,3.000,1556.000,2182.000,'2018-10-01 07:00:00',NULL,'Realizar con maquina '),(59,3589,8,4.000,1452.000,1007.000,'2018-10-01 07:00:00',NULL,'Realizar con maquina '),(1352,4290,7,3.000,1595.000,1991.000,NULL,NULL,'Realizar con maquina '),(1564,1127,1,2.000,1118.000,1433.000,'2015-04-19 00:00:00','2015-07-11 00:00:00','Realizar con maquina '),(1564,3581,1,2.000,1306.000,1694.000,'2015-04-19 00:00:00','2015-07-11 00:00:00','Realizar con maquina '),(1915,3908,3,3.000,2179.000,1670.000,NULL,NULL,'Realizar con maquina '),(2296,6076,4,3.000,1471.000,2269.000,'2015-01-01 00:00:00','2015-03-24 00:00:00','Realizar con maquina '),(2296,6076,6,4.000,1321.000,2333.000,'2015-01-01 00:00:00','2015-03-24 00:00:00','Realizar con maquina '),(2457,5854,7,4.000,1193.000,2358.000,NULL,NULL,'Realizar con maquina '),(2526,3761,2,2.000,1000.000,2292.000,'2018-10-01 10:00:00',NULL,'Realizar con maquina '),(2526,3761,3,3.000,1924.000,1883.000,'2018-10-01 10:00:00',NULL,'Realizar con maquina '),(2872,1323,8,3.000,1116.000,1542.000,NULL,NULL,'Realizar con maquina '),(3343,5109,2,3.000,1812.000,1062.000,NULL,NULL,'Realizar con maquina '),(3343,5109,7,3.000,1710.000,1182.000,NULL,NULL,'Realizar con maquina '),(3382,2990,8,4.000,2115.000,1728.000,NULL,NULL,'Realizar con maquina '),(3744,4862,7,3.000,1441.000,1091.000,'2016-11-20 00:00:00','2017-02-12 00:00:00','Realizar con maquina '),(3911,5610,3,2.000,1364.000,2273.000,NULL,NULL,'Realizar con maquina '),(4005,5942,2,4.000,1495.000,1087.000,'2018-02-24 00:00:00','2018-03-07 00:00:00','Realizar con maquina '),(4005,5942,5,3.000,2384.000,2121.000,'2018-02-24 00:00:00','2018-03-07 00:00:00','Realizar con maquina '),(4181,4410,6,2.000,1935.000,1841.000,NULL,NULL,'Realizar con maquina '),(4181,4410,8,4.000,1521.000,1842.000,NULL,NULL,'Realizar con maquina '),(4226,2991,5,4.000,2302.000,1187.000,'2017-08-30 00:00:00','2017-08-30 00:00:00','Realizar con maquina '),(4266,4066,3,3.000,1445.000,2413.000,'2016-04-24 00:00:00','2016-05-05 00:00:00','Realizar con maquina '),(4484,2718,5,2.000,2320.000,1498.000,'2015-07-09 00:00:00','2015-07-25 00:00:00','Realizar con maquina '),(4484,2933,1,4.000,1765.000,2255.000,'2015-07-09 00:00:00','2015-07-25 00:00:00','Realizar con maquina '),(4484,5481,3,3.000,2367.000,1280.000,'2015-07-09 00:00:00','2015-07-25 00:00:00','Realizar con maquina '),(4576,5130,1,4.000,1037.000,1635.000,'2017-08-25 00:00:00','2017-06-25 00:00:00','Realizar con maquina '),(4576,5130,5,3.000,1586.000,1836.000,'2017-08-25 00:00:00','2017-06-25 00:00:00','Realizar con maquina '),(4637,1777,2,3.000,2317.000,1774.000,'2017-10-11 00:00:00','2017-10-22 00:00:00','Realizar con maquina '),(4661,2719,2,4.000,1327.000,2361.000,'2015-03-06 00:00:00','2015-05-26 00:00:00','Realizar con maquina '),(4661,2719,6,4.000,1685.000,2484.000,'2015-03-06 00:00:00','2015-05-26 00:00:00','Realizar con maquina '),(4714,2004,1,4.000,1944.000,1336.000,'2015-09-02 00:00:00','2015-03-17 00:00:00','Realizar con maquina '),(4714,2004,2,2.000,2163.000,1227.000,'2015-09-02 00:00:00','2015-03-17 00:00:00','Realizar con maquina '),(4714,2004,6,3.000,2484.000,1131.000,'2015-09-02 00:00:00','2015-03-17 00:00:00','Realizar con maquina '),(4714,2398,7,4.000,1930.000,2474.000,'2015-09-02 00:00:00','2015-03-17 00:00:00','Realizar con maquina '),(4714,4773,7,3.000,1198.000,1975.000,'2015-09-02 00:00:00','2015-03-17 00:00:00','Realizar con maquina '),(4753,2437,1,4.000,2202.000,1452.000,'2016-02-13 00:00:00','2016-05-05 00:00:00','Realizar con maquina '),(4753,3058,5,2.000,1915.000,1839.000,'2016-02-13 00:00:00','2016-05-05 00:00:00','Realizar con maquina '),(4753,3058,8,3.000,1969.000,2335.000,'2016-02-13 00:00:00','2016-05-05 00:00:00','Realizar con maquina '),(4860,3651,5,4.000,1598.000,2160.000,'2017-11-02 00:00:00','2017-11-10 00:00:00','Realizar con maquina '),(5310,5682,6,4.000,1084.000,1291.000,'2016-10-07 00:00:00','2016-08-31 00:00:00','Realizar con maquina '),(5647,2949,1,2.000,1127.000,1979.000,NULL,NULL,'Realizar con maquina '),(5927,5915,1,4.000,1382.000,2022.000,NULL,NULL,'Realizar con maquina '),(5927,5915,5,3.000,1031.000,1673.000,NULL,NULL,'Realizar con maquina '),(5927,5915,8,2.000,1512.000,1301.000,NULL,NULL,'Realizar con maquina '),(6040,4908,7,3.000,1963.000,1984.000,NULL,NULL,'Realizar con maquina '),(6040,4908,8,4.000,1279.000,2016.000,NULL,NULL,'Realizar con maquina '),(6060,5308,5,2.000,1007.000,1626.000,NULL,NULL,'Realizar con maquina '),(6085,5883,3,3.000,1698.000,1084.000,NULL,NULL,'Realizar con maquina '),(6094,1038,3,2.000,1471.000,1043.000,NULL,NULL,'Realizar con maquina '),(6167,2568,3,4.000,1258.000,2467.000,'2015-07-10 00:00:00','2015-07-18 00:00:00','Realizar con maquina '),(6413,3144,3,3.000,2381.000,2199.000,NULL,NULL,'Realizar con maquina '),(6413,5739,8,4.000,1128.000,1095.000,NULL,NULL,'Realizar con maquina '),(6452,4405,3,3.000,1999.000,2381.000,NULL,NULL,'Realizar con maquina '),(6599,1111,6,2.000,1110.000,1616.000,NULL,NULL,'Realizar con maquina '),(6876,6863,8,3.000,1556.000,1438.000,NULL,NULL,'Realizar con maquina '),(6908,4975,4,2.000,1947.000,1343.000,'2017-07-01 00:00:00','2017-07-12 00:00:00','Realizar con maquina ');
/*!40000 ALTER TABLE `tarea` ENABLE KEYS */;
UNLOCK TABLES;

--
-- Table structure for table `tipo_elemento`
--

DROP TABLE IF EXISTS `tipo_elemento`;
/*!40101 SET @saved_cs_client     = @@character_set_client */;
/*!40101 SET character_set_client = utf8 */;
CREATE TABLE `tipo_elemento` (
  `codigo` int(11) NOT NULL,
  `descripcion` varchar(255) COLLATE utf8_unicode_ci NOT NULL,
  PRIMARY KEY (`codigo`)
) ENGINE=InnoDB DEFAULT CHARSET=utf8 COLLATE=utf8_unicode_ci;
/*!40101 SET character_set_client = @saved_cs_client */;

--
-- Dumping data for table `tipo_elemento`
--

LOCK TABLES `tipo_elemento` WRITE;
/*!40000 ALTER TABLE `tipo_elemento` DISABLE KEYS */;
INSERT INTO `tipo_elemento` VALUES (1,'Vestimenta Guerrero'),(2,'Vestimenta Mago'),(3,'Báculo/Bastón/Lanza'),(4,'Espada'),(5,'Escudo'),(6,'Hacha'),(7,'Libro'),(8,'Pulsera'),(9,'Cinturón'),(10,'Medallón/Collar'),(11,'Accesorio');
/*!40000 ALTER TABLE `tipo_elemento` ENABLE KEYS */;
UNLOCK TABLES;

--
-- Table structure for table `tipo_tarea`
--

DROP TABLE IF EXISTS `tipo_tarea`;
/*!40101 SET @saved_cs_client     = @@character_set_client */;
/*!40101 SET character_set_client = utf8 */;
CREATE TABLE `tipo_tarea` (
  `codigo` int(11) NOT NULL,
  `descripcion` varchar(255) CHARACTER SET utf8 NOT NULL,
  `porcentaje_margen` decimal(9,3) NOT NULL,
  PRIMARY KEY (`codigo`)
) ENGINE=InnoDB DEFAULT CHARSET=utf8 COLLATE=utf8_unicode_ci;
/*!40101 SET character_set_client = @saved_cs_client */;

--
-- Dumping data for table `tipo_tarea`
--

LOCK TABLES `tipo_tarea` WRITE;
/*!40000 ALTER TABLE `tipo_tarea` DISABLE KEYS */;
INSERT INTO `tipo_tarea` VALUES (1,'Herrería',50.000),(2,'Orfebrería',12.500),(3,'Fundición',20.000),(4,'Pintura',10.000),(5,'Corte y Armado',100.000),(6,'Impresión 3D',150.000),(7,'Moldería',10.000),(8,'Carpintería',75.000);
/*!40000 ALTER TABLE `tipo_tarea` ENABLE KEYS */;
UNLOCK TABLES;

--
-- Table structure for table `trabajo`
--

DROP TABLE IF EXISTS `trabajo`;
/*!40101 SET @saved_cs_client     = @@character_set_client */;
/*!40101 SET character_set_client = utf8 */;
CREATE TABLE `trabajo` (
  `nro` int(11) NOT NULL,
  `fecha_pedido` date NOT NULL,
  `fecha_limite_conf` date NOT NULL,
  `fecha_limite_presup` date DEFAULT NULL,
  `fecha_confirmacion` date DEFAULT NULL,
  `fecha_fin_confec` date DEFAULT NULL,
  `importe_presup` decimal(9,3) DEFAULT NULL,
  `nro_cliente` int(11) NOT NULL,
  PRIMARY KEY (`nro`),
  KEY `fk_trabajo_cliente_idx` (`nro_cliente`),
  CONSTRAINT `fk_trabajo_cliente` FOREIGN KEY (`nro_cliente`) REFERENCES `cliente` (`nro`) ON UPDATE CASCADE
) ENGINE=InnoDB DEFAULT CHARSET=utf8 COLLATE=utf8_unicode_ci;
/*!40101 SET character_set_client = @saved_cs_client */;

--
-- Dumping data for table `trabajo`
--

LOCK TABLES `trabajo` WRITE;
/*!40000 ALTER TABLE `trabajo` DISABLE KEYS */;
INSERT INTO `trabajo` VALUES (1,'2018-08-15','2018-11-15','2018-08-18','2018-08-21',NULL,2702.000,1),(5,'2018-09-21','2018-12-21','2018-09-24','2018-12-21',NULL,2771.000,5),(8,'2018-09-12','2018-12-12','2018-09-15','2018-09-18',NULL,3856.000,2),(9,'2018-10-01','2019-01-23','2018-10-26','2018-10-01',NULL,3278.000,3),(10,'2018-09-01','2018-12-01','2018-09-04','2018-12-01',NULL,3324.000,4),(11,'2018-09-19','2018-12-19','2018-09-22','2018-12-19',NULL,5284.000,5),(12,'2018-09-27','2018-12-27','2018-09-30','2018-11-26',NULL,5947.000,6),(13,'2018-10-01','2019-02-07','2018-11-10','2018-10-01',NULL,3381.000,1),(14,'2018-10-01','2019-02-07','2018-11-10','2018-10-01',NULL,2064.000,2),(15,'2018-08-14','2018-11-14','2018-08-17','2018-11-13',NULL,3180.000,3),(17,'2018-10-01','2019-01-29','2018-11-01','2018-10-01',NULL,3000.000,5),(19,'2018-09-18','2018-12-18','2018-09-21','2018-09-24',NULL,2375.000,1),(20,'2018-08-26','2018-11-26','2018-08-29','2018-09-01',NULL,5878.000,2),(22,'2018-10-01','2019-02-13','2018-11-16','2018-10-01',NULL,3668.000,4),(24,'2018-09-15','2018-12-15','2018-09-18','2018-12-15',NULL,4059.000,6),(27,'2018-09-10','2018-12-10','2018-09-13','2018-12-10',NULL,2508.000,3),(30,'2018-08-19','2018-11-19','2018-08-22','2018-08-25',NULL,4551.000,6),(32,'2018-09-06','2018-12-06','2018-09-09','2018-11-05',NULL,4106.000,2),(34,'2018-08-21','2018-11-21','2018-08-24','2018-11-20',NULL,4081.000,4),(36,'2018-08-24','2018-11-24','2018-08-27','2018-08-30',NULL,4586.000,6),(43,'2018-09-26','2018-12-26','2018-09-29','2018-12-26',NULL,2705.000,1),(44,'2018-08-11','2018-11-11','2018-08-14','2018-10-11',NULL,4294.000,2),(46,'2018-10-01','2019-01-18','2018-10-21','2018-10-01',NULL,2854.000,4),(50,'2018-10-01','2019-02-12','2018-11-15','2018-10-01',NULL,2057.000,2),(51,'2018-09-30','2018-12-30','2018-10-03','2018-10-06',NULL,5066.000,3),(52,'2018-09-04','2018-12-04','2018-09-07','2018-09-10',NULL,4156.000,4),(54,'2018-08-11','2018-11-11','2018-08-14','2018-10-11',NULL,1943.000,6),(56,'2018-10-01','2019-02-12','2018-11-15','2018-10-01',NULL,4028.000,2),(59,'2018-10-01','2019-01-26','2018-10-29','2018-10-01',NULL,3484.000,5),(1352,'2016-09-12','2016-12-12',NULL,NULL,NULL,NULL,4),(1564,'2015-04-12','2015-07-12','2015-04-15','2015-04-18','2015-07-11',3112.000,3),(1915,'2015-04-21','2015-07-21',NULL,NULL,NULL,NULL,1),(2296,'2014-12-25','2015-03-25','2014-12-28','2014-12-31','2015-03-24',2301.000,6),(2372,'2015-11-15','2016-02-15','2015-11-18',NULL,NULL,5167.000,2),(2457,'2017-12-17','2017-12-20',NULL,NULL,NULL,NULL,4),(2526,'2018-10-01','2019-03-23','2018-12-23','2018-10-01',NULL,4473.000,6),(2643,'2018-08-13','2018-11-13','2018-08-16',NULL,NULL,4605.000,6),(2691,'2016-12-12','2017-03-12','2016-12-15','2016-12-18','2017-03-11',5309.000,3),(2872,'2015-10-22','2016-01-22',NULL,NULL,NULL,NULL,6),(3111,'2018-07-18','2018-10-18','2018-07-21','2018-09-01',NULL,3942.000,6),(3117,'2017-07-02','2017-10-02',NULL,NULL,NULL,NULL,3),(3343,'2015-10-22','2016-01-22',NULL,NULL,NULL,NULL,4),(3382,'2016-05-30','2016-08-30',NULL,NULL,NULL,NULL,3),(3744,'2016-11-13','2017-02-13','2016-11-16','2016-11-19','2017-02-12',2016.000,4),(3781,'2017-01-29','2017-04-29','2017-02-01',NULL,NULL,3884.000,5),(3911,'2015-05-24','2015-08-24',NULL,NULL,NULL,NULL,6),(4005,'2018-02-20','2018-05-20','2018-02-20','2018-02-23','2018-03-07',5690.000,2),(4050,'2017-12-03','2018-03-03','2017-12-06',NULL,NULL,5642.000,6),(4181,'2015-07-14','2015-10-14','2015-07-17',NULL,NULL,3183.000,3),(4226,'2017-08-26','2017-08-31','2018-07-29','2017-08-29','2017-08-30',1991.000,1),(4266,'2016-04-19','2016-07-19','2016-04-20','2016-04-23','2016-05-05',5063.000,1),(4484,'2015-07-02','2015-10-02','2015-07-05','2015-07-08','2015-07-25',2576.000,1),(4555,'2017-01-10','2017-04-10',NULL,NULL,NULL,NULL,6),(4576,'2017-06-10','2017-09-10','2017-06-10','2017-08-24','2017-06-25',1569.000,6),(4637,'2017-10-07','2018-01-07','2017-10-07','2017-10-10','2017-10-22',3119.000,2),(4661,'2015-02-27','2015-05-27','2015-03-02','2015-03-05','2015-05-26',4887.000,2),(4714,'2015-03-13','2015-03-18','2015-08-29','2015-09-01','2015-03-17',4578.000,4),(4753,'2016-02-06','2016-05-06','2016-02-09','2016-02-12','2016-05-05',2229.000,2),(4860,'2017-10-26','2018-01-26','2017-10-29','2017-11-01','2017-11-10',4914.000,1),(5163,'2017-06-27','2017-07-02','2018-06-23','2018-06-26','2017-07-01',2654.000,9),(5310,'2016-08-16','2016-11-16','2016-08-16','2016-10-06','2016-08-31',3132.000,5),(5378,'2016-10-04','2016-10-09','2018-07-06','2018-07-09','2016-10-08',1701.000,6),(5617,'2016-04-22','2016-07-22','2016-04-25',NULL,NULL,3937.000,9),(5647,'2017-05-24','2017-08-24','2017-05-27',NULL,NULL,2862.000,1),(5927,'2017-02-01','2017-05-01','2017-02-04',NULL,NULL,1564.000,6),(6040,'2017-01-13','2017-04-13','2017-01-16',NULL,NULL,3585.000,1),(6060,'2018-10-01','2019-01-04',NULL,NULL,NULL,NULL,3),(6085,'2017-06-21','2017-09-21',NULL,NULL,NULL,NULL,3),(6094,'2016-09-24','2016-12-24',NULL,NULL,NULL,NULL,2),(6167,'2015-07-03','2015-10-03','2015-07-06','2015-07-09','2015-07-18',2731.000,7),(6345,'2014-10-03','2015-01-03',NULL,NULL,NULL,NULL,3),(6413,'2016-05-27','2016-08-27','2016-05-30',NULL,NULL,1811.000,2),(6435,'2014-07-02','2014-10-02','2014-07-05',NULL,NULL,5327.000,7),(6452,'2018-10-01','2019-02-09',NULL,NULL,NULL,NULL,3),(6599,'2017-07-27','2017-10-27','2017-07-30',NULL,NULL,3910.000,4),(6791,'2018-01-06','2018-04-06',NULL,NULL,NULL,NULL,3),(6876,'2016-02-27','2016-05-27','2016-03-01',NULL,NULL,4779.000,8),(6908,'2017-06-27','2017-09-27','2017-06-27','2017-06-30','2017-07-12',1861.000,5),(6996,'2014-09-06','2014-12-06','2014-09-09',NULL,NULL,5267.000,6);
/*!40000 ALTER TABLE `trabajo` ENABLE KEYS */;
UNLOCK TABLES;

--
-- Table structure for table `uso_material`
--

DROP TABLE IF EXISTS `uso_material`;
/*!40101 SET @saved_cs_client     = @@character_set_client */;
/*!40101 SET character_set_client = utf8 */;
CREATE TABLE `uso_material` (
  `nro_trabajo` int(11) NOT NULL,
  `nro_item` int(11) NOT NULL,
  `codigo_tipo_tarea` int(11) NOT NULL,
  `codigo_material` int(11) NOT NULL,
  `cantidad_usada` decimal(9,3) DEFAULT NULL,
  `cantidad_desperdiciada` decimal(9,3) DEFAULT NULL,
  PRIMARY KEY (`nro_trabajo`,`nro_item`,`codigo_tipo_tarea`,`codigo_material`),
  KEY `fk_uso_material_material_idx` (`codigo_material`),
  CONSTRAINT `fk_uso_material_material` FOREIGN KEY (`codigo_material`) REFERENCES `material` (`codigo`) ON DELETE CASCADE,
  CONSTRAINT `fk_uso_material_tarea` FOREIGN KEY (`nro_trabajo`, `nro_item`, `codigo_tipo_tarea`) REFERENCES `tarea` (`nro_trabajo`, `nro_item`, `codigo_tipo_tarea`) ON DELETE NO ACTION ON UPDATE NO ACTION
) ENGINE=InnoDB DEFAULT CHARSET=utf8 COLLATE=utf8_unicode_ci;
/*!40101 SET character_set_client = @saved_cs_client */;

--
-- Dumping data for table `uso_material`
--

LOCK TABLES `uso_material` WRITE;
/*!40000 ALTER TABLE `uso_material` DISABLE KEYS */;
INSERT INTO `uso_material` VALUES (1,6586,4,33,NULL,NULL),(1,6586,4,84,NULL,NULL),(1,6586,4,101,6314.499,NULL),(1,6586,4,117,NULL,4338.087),(9,1265,1,36,NULL,NULL),(13,4743,6,83,NULL,NULL),(14,3687,1,69,NULL,NULL),(14,3687,6,95,NULL,4392.736),(20,4044,6,49,3648.187,NULL),(22,3598,3,10,1021.135,NULL),(22,3598,3,45,NULL,NULL),(22,6965,6,3,4965.772,NULL),(27,1850,3,36,6127.653,2383.525),(27,1850,3,150,2358.421,6575.230),(30,1124,3,191,NULL,NULL),(32,4948,6,65,NULL,NULL),(32,4948,6,78,5316.016,6581.871),(36,1990,3,146,4517.265,NULL),(36,1990,5,158,NULL,1659.641),(44,3543,4,204,2595.251,NULL),(46,1458,8,24,NULL,5667.797),(46,1458,8,173,6057.415,4831.224),(46,2096,1,59,NULL,NULL),(46,2096,1,89,NULL,NULL),(46,2096,1,116,NULL,NULL),(52,3775,7,39,NULL,4861.028),(54,1382,4,79,NULL,NULL),(54,2356,3,94,5880.986,1709.282),(54,2356,3,197,4120.537,4649.737),(54,2356,7,28,4772.503,NULL),(54,2356,7,161,NULL,3389.981),(56,2510,5,91,1423.734,NULL),(56,2510,5,105,NULL,NULL),(56,2510,5,191,NULL,3772.203),(59,3589,6,24,NULL,NULL),(59,3589,8,19,4301.528,4404.918),(1564,1127,1,2,NULL,NULL),(1564,1127,1,25,1554.940,NULL),(1564,3581,1,178,NULL,NULL),(1564,3581,1,191,NULL,NULL),(2296,6076,4,49,5818.108,NULL),(2296,6076,6,195,NULL,NULL),(2457,5854,7,56,NULL,6880.694),(2457,5854,7,152,6108.651,NULL),(2457,5854,7,199,NULL,NULL),(2526,3761,2,68,NULL,NULL),(2526,3761,3,151,4770.461,NULL),(2872,1323,8,194,NULL,2365.637),(3343,5109,7,46,5033.831,NULL),(3343,5109,7,156,NULL,NULL),(3382,2990,8,17,1431.190,6500.907),(3911,5610,3,135,1193.803,NULL),(3911,5610,3,166,NULL,2484.948),(4181,4410,8,134,NULL,6606.792),(4181,4410,8,137,6819.366,NULL),(4226,2991,5,110,NULL,NULL),(4226,2991,5,156,2962.753,2186.122),(4484,2718,5,90,NULL,2442.597),(4484,2718,5,129,NULL,NULL),(4484,2933,1,26,NULL,NULL),(4484,2933,1,120,NULL,4612.029),(4484,5481,3,126,NULL,NULL),(4576,5130,1,61,NULL,6067.749),(4576,5130,5,39,NULL,NULL),(4576,5130,5,149,NULL,6823.066),(4576,5130,5,156,NULL,4506.975),(4637,1777,2,3,2671.851,4725.588),(4637,1777,2,15,NULL,NULL),(4637,1777,2,48,5112.266,NULL),(4661,2719,2,97,2841.588,NULL),(4661,2719,6,72,NULL,NULL),(4661,2719,6,112,3746.829,NULL),(4714,2004,6,83,NULL,NULL),(4714,2004,6,106,4780.621,NULL),(4714,2398,7,35,1953.487,NULL),(4714,2398,7,100,NULL,3812.887),(4714,4773,7,96,NULL,NULL),(4753,3058,5,83,NULL,4317.275),(4860,3651,5,139,NULL,NULL),(4860,3651,5,168,4355.969,NULL),(4860,3651,5,179,6660.920,NULL),(4860,3651,5,187,4490.922,3476.780),(5927,5915,1,10,NULL,NULL),(5927,5915,1,74,1522.726,1202.617),(5927,5915,1,200,NULL,NULL),(5927,5915,5,18,5079.521,3136.723),(5927,5915,5,114,5908.740,NULL),(5927,5915,5,136,NULL,NULL),(5927,5915,8,44,NULL,5920.363),(6040,4908,7,30,NULL,NULL),(6040,4908,7,129,NULL,NULL),(6085,5883,3,111,3378.264,6732.693),(6167,2568,3,154,NULL,2181.799),(6413,3144,3,78,NULL,NULL),(6413,5739,8,110,5000.141,3987.668),(6413,5739,8,129,NULL,6163.407),(6452,4405,3,13,2886.707,2433.882),(6452,4405,3,78,6913.906,6213.725),(6599,1111,6,88,NULL,NULL),(6599,1111,6,127,4514.849,2691.482),(6876,6863,8,45,1804.788,NULL);
/*!40000 ALTER TABLE `uso_material` ENABLE KEYS */;
UNLOCK TABLES;
/*!40103 SET TIME_ZONE=@OLD_TIME_ZONE */;

/*!40101 SET SQL_MODE=@OLD_SQL_MODE */;
/*!40014 SET FOREIGN_KEY_CHECKS=@OLD_FOREIGN_KEY_CHECKS */;
/*!40014 SET UNIQUE_CHECKS=@OLD_UNIQUE_CHECKS */;
/*!40101 SET CHARACTER_SET_CLIENT=@OLD_CHARACTER_SET_CLIENT */;
/*!40101 SET CHARACTER_SET_RESULTS=@OLD_CHARACTER_SET_RESULTS */;
/*!40101 SET COLLATION_CONNECTION=@OLD_COLLATION_CONNECTION */;
/*!40111 SET SQL_NOTES=@OLD_SQL_NOTES */;

-- Dump completed on 2018-11-27 14:58:10
